PRODUCTO,MERCADO,PRECIO_MINIMO,PRECIO_PROMEDIO,PRECIO_MAXIMO,PENULTIMO_PRECIO,FECHA_PENULTIMO_PRECIO,ULTIMO_PRECIO,FECHA_ULTIMO_PRECIO,TENDENCIA,%_VARIACION,CATEGORIA,PRODUCTO_ID,CATEGORIA_ID,MERCADO_ID,TENDENCIA_ID
ACEITE_VEGETAL_COCINERO,AMBATO_EPEMA,1.87,1.87,1.87,,NAN,1.87,14/08/2024,NAN,,ACEITES,1,1,1,1
ACEITE_VEGETAL_COCINERO,CUENCA_3_DE_NOVIEMBRE,2.2,2.2,2.2,2.2,13/08/2024,2.2,20/08/2024,SE_MANTIENE,0.0,ACEITES,1,1,2,2
ACEITE_VEGETAL_COCINERO,IBARRA_BODEGAS,1.79,1.79,1.79,1.79,15/08/2024,1.79,19/08/2024,SE_MANTIENE,0.0,ACEITES,1,1,3,2
ACEITE_VEGETAL_COCINERO,LATACUNGA_BODEGAS,2.31,2.31,2.31,,NAN,2.31,16/08/2024,NAN,,ACEITES,1,1,4,1
ACEITE_VEGETAL_COCINERO,QUITO_MMQEP,2.16,2.16,2.16,2.16,16/08/2024,2.16,20/08/2024,SE_MANTIENE,0.0,ACEITES,1,1,5,2
ACEITE_VEGETAL_COCINERO,TULCAN_BODEGAS,2.11,2.11,2.11,,NAN,2.11,16/08/2024,NAN,,ACEITES,1,1,6,1
ACEITE_VEGETAL_FAVORITA,AMBATO_EPEMA,2.04,2.04,2.04,,NAN,2.04,14/08/2024,NAN,,ACEITES,2,1,1,1
ACEITE_VEGETAL_FAVORITA,CUENCA_3_DE_NOVIEMBRE,2.4,2.4,2.4,2.4,13/08/2024,2.4,20/08/2024,SE_MANTIENE,0.0,ACEITES,2,1,2,2
ACEITE_VEGETAL_FAVORITA,GUAYAQUIL_TTV,2.21,2.22,2.22,2.22,15/08/2024,2.21,20/08/2024,BAJO,-0.45,ACEITES,2,1,7,3
ACEITE_VEGETAL_FAVORITA,HUAQUILLAS,2.13,2.13,2.13,,NAN,2.13,15/08/2024,NAN,,ACEITES,2,1,8,1
ACEITE_VEGETAL_FAVORITA,IBARRA_BODEGAS,1.91,2.0,2.04,2.04,15/08/2024,2.04,19/08/2024,SE_MANTIENE,0.0,ACEITES,2,1,3,2
ACEITE_VEGETAL_FAVORITA,LATACUNGA_BODEGAS,1.94,1.94,1.94,,NAN,1.94,16/08/2024,NAN,,ACEITES,2,1,4,1
ACEITE_VEGETAL_FAVORITA,QUITO_MMQEP,2.21,2.21,2.21,2.21,16/08/2024,2.21,20/08/2024,SE_MANTIENE,0.0,ACEITES,2,1,5,2
ACEITE_VEGETAL_FAVORITA,RIOBAMBA_EPEMMPA,1.84,1.84,1.84,,NAN,1.84,15/08/2024,NAN,,ACEITES,2,1,9,1
ACEITE_VEGETAL_FAVORITA,TULCAN_BODEGAS,2.21,2.21,2.21,,NAN,2.21,16/08/2024,NAN,,ACEITES,2,1,6,1
ACEITE_VEGETAL_GIRASOL,AMBATO_EPEMA,2.68,2.68,2.68,,NAN,2.68,14/08/2024,NAN,,ACEITES,3,1,1,1
ACEITE_VEGETAL_GIRASOL,CUENCA_3_DE_NOVIEMBRE,2.9,2.9,2.9,2.9,13/08/2024,2.9,20/08/2024,SE_MANTIENE,0.0,ACEITES,3,1,2,2
ACEITE_VEGETAL_GIRASOL,GUAYAQUIL_TTV,2.81,2.82,2.82,2.81,15/08/2024,2.82,20/08/2024,SUBIO,0.35,ACEITES,3,1,7,4
ACEITE_VEGETAL_GIRASOL,HUAQUILLAS,2.88,2.88,2.88,,NAN,2.88,15/08/2024,NAN,,ACEITES,3,1,8,1
ACEITE_VEGETAL_GIRASOL,IBARRA_BODEGAS,2.67,2.67,2.67,2.67,15/08/2024,2.67,19/08/2024,SE_MANTIENE,0.0,ACEITES,3,1,3,2
ACEITE_VEGETAL_GIRASOL,LATACUNGA_BODEGAS,2.57,2.57,2.57,,NAN,2.57,16/08/2024,NAN,,ACEITES,3,1,4,1
ACEITE_VEGETAL_GIRASOL,PORTOVIEJO_BODEGAS,2.13,2.13,2.13,2.13,16/08/2024,2.13,19/08/2024,SE_MANTIENE,0.0,ACEITES,3,1,10,2
ACEITE_VEGETAL_GIRASOL,QUITO_MMQEP,3.06,3.06,3.06,3.06,16/08/2024,3.06,20/08/2024,SE_MANTIENE,0.0,ACEITES,3,1,5,2
ACEITE_VEGETAL_GIRASOL,RIOBAMBA_EPEMMPA,2.63,2.63,2.63,,NAN,2.63,15/08/2024,NAN,,ACEITES,3,1,9,1
AGUACATE_FUERTE,AMBATO_EPEMA,1.5,1.75,2.03,1.82,19/08/2024,1.84,21/08/2024,SUBIO,1.09,FRUTAS,4,2,1,4
AGUACATE_FUERTE,CUENCA_EL_ARENAL,2.4,2.4,2.4,2.4,16/08/2024,2.4,20/08/2024,SE_MANTIENE,0.0,FRUTAS,4,2,11,2
AGUACATE_FUERTE,GUAYAQUIL_TTV,1.83,2.01,2.23,1.96,15/08/2024,2.23,20/08/2024,SUBIO,12.11,FRUTAS,4,2,7,4
AGUACATE_FUERTE,IBARRA_COMERCIBARRA,1.18,1.24,1.32,1.21,15/08/2024,1.18,19/08/2024,BAJO,-2.54,FRUTAS,4,2,12,3
AGUACATE_FUERTE,LATACUNGA,2.4,2.44,2.53,2.4,16/08/2024,2.53,20/08/2024,SUBIO,5.14,FRUTAS,4,2,13,4
AGUACATE_FUERTE,MILAGRO_MERCADO_DE_TRANSFERENCIA,1.34,1.34,1.34,,NAN,1.34,16/08/2024,NAN,,FRUTAS,4,2,14,1
AGUACATE_FUERTE,QUITO_MMQEP,1.66,1.84,1.93,1.93,16/08/2024,1.66,20/08/2024,BAJO,-16.27,FRUTAS,4,2,5,3
AJO_BULBO_SECO,AMBATO_EPEMA,2.7,2.89,3.13,2.7,19/08/2024,2.7,21/08/2024,SE_MANTIENE,0.0,VERDURAS,5,3,1,2
AJO_BULBO_SECO,CUENCA_EL_ARENAL,3.19,3.73,4.0,4.0,16/08/2024,3.19,20/08/2024,BAJO,-25.39,VERDURAS,5,3,11,3
AJO_BULBO_SECO,GUAYAQUIL_TTV,3.23,3.36,3.6,3.26,15/08/2024,3.23,20/08/2024,BAJO,-0.93,VERDURAS,5,3,7,3
AJO_BULBO_SECO,IBARRA_COMERCIBARRA,2.5,2.63,2.9,2.5,15/08/2024,2.5,19/08/2024,SE_MANTIENE,0.0,VERDURAS,5,3,12,2
AJO_BULBO_SECO,MILAGRO_MERCADO_DE_TRANSFERENCIA,3.06,3.06,3.06,,NAN,3.06,16/08/2024,NAN,,VERDURAS,5,3,14,1
AJO_BULBO_SECO,QUITO_MMQEP,2.73,2.79,2.86,2.73,16/08/2024,2.79,20/08/2024,SUBIO,2.15,VERDURAS,5,3,5,4
AJO_BULBO_SECO,RIOBAMBA_EPEMMPA,2.93,3.11,3.6,2.93,16/08/2024,2.99,19/08/2024,SUBIO,2.01,VERDURAS,5,3,9,4
ARROZ_PILADO_ENVEJECIDO_ARTIFICIAL,AMBATO_EPEMA,1.16,1.16,1.16,,NAN,1.16,14/08/2024,NAN,,GRANOS,6,4,1,1
ARROZ_PILADO_ENVEJECIDO_ARTIFICIAL,GUAYAQUIL_TTV,0.99,0.99,0.99,0.99,15/08/2024,0.99,20/08/2024,SE_MANTIENE,0.0,GRANOS,6,4,7,2
ARROZ_PILADO_ENVEJECIDO_ARTIFICIAL,HUAQUILLAS,1.14,1.14,1.14,,NAN,1.14,15/08/2024,NAN,,GRANOS,6,4,8,1
ARROZ_PILADO_ENVEJECIDO_ARTIFICIAL,QUITO_MMQEP,1.17,1.17,1.17,1.17,16/08/2024,1.17,20/08/2024,SE_MANTIENE,0.0,GRANOS,6,4,5,2
ARROZ_PILADO_ENVEJECIDO_ARTIFICIAL,RIOBAMBA_EPEMMPA,1.28,1.28,1.28,,NAN,1.28,15/08/2024,NAN,,GRANOS,6,4,9,1
ARROZ_PILADO_ENVEJECIDO_ARTIFICIAL,TULCAN_BODEGAS,1.24,1.24,1.24,,NAN,1.24,16/08/2024,NAN,,GRANOS,6,4,6,1
ARROZ_PILADO_ENVEJECIDO_NATURAL,LATACUNGA_BODEGAS,1.2,1.2,1.2,,NAN,1.2,16/08/2024,NAN,,GRANOS,7,4,4,1
ARROZ_PILADO_ENVEJECIDO_NATURAL,PORTOVIEJO_BODEGAS,1.05,1.05,1.05,1.05,16/08/2024,1.05,19/08/2024,SE_MANTIENE,0.0,GRANOS,7,4,10,2
ARROZ_PILADO_ENVEJECIDO_NATURAL,STO._DOMINGO,1.3,1.3,1.3,1.3,15/08/2024,1.3,20/08/2024,SE_MANTIENE,0.0,GRANOS,7,4,15,2
ARROZ_PILADO_NATURAL_GRANO_CORTO,AGUAS_VERDES_PERU,0.85,0.85,0.85,,NAN,0.85,15/08/2024,NAN,,GRANOS,8,4,16,1
ARROZ_PILADO_NATURAL_GRANO_CORTO,CUENCA_3_DE_NOVIEMBRE,0.94,0.94,0.94,0.94,13/08/2024,0.94,20/08/2024,SE_MANTIENE,0.0,GRANOS,8,4,2,2
ARROZ_PILADO_NATURAL_GRANO_CORTO,GUAYAQUIL_TTV,0.74,0.75,0.75,0.75,15/08/2024,0.74,20/08/2024,BAJO,-1.35,GRANOS,8,4,7,3
ARROZ_PILADO_NATURAL_GRANO_CORTO,HUAQUILLAS,0.91,0.91,0.91,,NAN,0.91,15/08/2024,NAN,,GRANOS,8,4,8,1
ARROZ_PILADO_NATURAL_GRANO_CORTO,IBARRA_BODEGAS,1.17,1.17,1.17,1.17,15/08/2024,1.17,19/08/2024,SE_MANTIENE,0.0,GRANOS,8,4,3,2
ARROZ_PILADO_NATURAL_GRANO_CORTO,QUITO_MMQEP,0.96,0.96,0.96,0.96,16/08/2024,0.96,20/08/2024,SE_MANTIENE,0.0,GRANOS,8,4,5,2
ARROZ_PILADO_NATURAL_GRANO_CORTO,STO._DOMINGO,0.92,0.92,0.92,0.92,15/08/2024,0.92,20/08/2024,SE_MANTIENE,0.0,GRANOS,8,4,15,2
ARROZ_PILADO_NATURAL_GRANO_CORTO,TULCAN_BODEGAS,1.07,1.07,1.07,,NAN,1.07,16/08/2024,NAN,,GRANOS,8,4,6,1
ARROZ_PILADO_NATURAL_GRANO_LARGO,AGUAS_VERDES_PERU,1.01,1.01,1.01,,NAN,1.01,15/08/2024,NAN,,GRANOS,9,4,16,1
ARROZ_PILADO_NATURAL_GRANO_LARGO,AMBATO_EPEMA,1.15,1.15,1.15,,NAN,1.15,14/08/2024,NAN,,GRANOS,9,4,1,1
ARROZ_PILADO_NATURAL_GRANO_LARGO,CUENCA_3_DE_NOVIEMBRE,1.34,1.34,1.34,1.34,13/08/2024,1.34,20/08/2024,SE_MANTIENE,0.0,GRANOS,9,4,2,2
ARROZ_PILADO_NATURAL_GRANO_LARGO,GUAYAQUIL_TTV,0.88,0.88,0.88,0.88,15/08/2024,0.88,20/08/2024,SE_MANTIENE,0.0,GRANOS,9,4,7,2
ARROZ_PILADO_NATURAL_GRANO_LARGO,HUAQUILLAS,0.99,0.99,0.99,,NAN,0.99,15/08/2024,NAN,,GRANOS,9,4,8,1
ARROZ_PILADO_NATURAL_GRANO_LARGO,IBARRA_BODEGAS,1.49,1.5,1.5,1.5,15/08/2024,1.49,19/08/2024,BAJO,-0.67,GRANOS,9,4,3,3
ARROZ_PILADO_NATURAL_GRANO_LARGO,LATACUNGA_BODEGAS,1.26,1.26,1.26,,NAN,1.26,16/08/2024,NAN,,GRANOS,9,4,4,1
ARROZ_PILADO_NATURAL_GRANO_LARGO,PORTOVIEJO_BODEGAS,0.96,0.96,0.96,0.96,16/08/2024,0.96,19/08/2024,SE_MANTIENE,0.0,GRANOS,9,4,10,2
ARROZ_PILADO_NATURAL_GRANO_LARGO,QUITO_MMQEP,1.33,1.33,1.33,1.33,16/08/2024,1.33,20/08/2024,SE_MANTIENE,0.0,GRANOS,9,4,5,2
ARROZ_PILADO_NATURAL_GRANO_LARGO,RIOBAMBA_EPEMMPA,1.14,1.14,1.14,,NAN,1.14,15/08/2024,NAN,,GRANOS,9,4,9,1
ARROZ_PILADO_NATURAL_GRANO_LARGO,STO._DOMINGO,1.16,1.16,1.16,1.16,15/08/2024,1.16,20/08/2024,SE_MANTIENE,0.0,GRANOS,9,4,15,2
ARVEJA_SECA,AGUAS_VERDES_PERU,1.1,1.1,1.1,,NAN,1.1,15/08/2024,NAN,,OTROS,10,6,16,1
ARVEJA_SECA,CUENCA_3_DE_NOVIEMBRE,0.99,1.01,1.02,1.02,13/08/2024,0.99,20/08/2024,BAJO,-3.03,OTROS,10,6,2,3
ARVEJA_SECA,HUAQUILLAS,1.01,1.01,1.01,,NAN,1.01,15/08/2024,NAN,,OTROS,10,6,8,1
ARVEJA_SECA,LATACUNGA_BODEGAS,1.06,1.06,1.06,,NAN,1.06,16/08/2024,NAN,,OTROS,10,6,4,1
ARVEJA_SECA,QUITO_MMQEP,0.99,0.99,0.99,0.99,16/08/2024,0.99,20/08/2024,SE_MANTIENE,0.0,OTROS,10,6,5,2
ARVEJA_SECA,RIOBAMBA_EPEMMPA,0.99,0.99,0.99,,NAN,0.99,15/08/2024,NAN,,OTROS,10,6,9,1
ARVEJA_SECA,TULCAN_BODEGAS,1.1,1.1,1.1,,NAN,1.1,16/08/2024,NAN,,OTROS,10,6,6,1
ARVEJA_TIERNA_EN_VAINAQUANTUM,AMBATO_EPEMA,0.74,0.81,0.87,0.74,19/08/2024,0.87,21/08/2024,SUBIO,14.94,OTROS,11,6,1,4
ARVEJA_TIERNA_EN_VAINAQUANTUM,AZOGUES_5_DE_AGOSTO,1.13,1.13,1.13,,NAN,1.13,16/08/2024,NAN,,OTROS,11,6,17,1
ARVEJA_TIERNA_EN_VAINAQUANTUM,BABAHOYO_4_DE_MAYO,1.1,1.1,1.1,,NAN,1.1,15/08/2024,NAN,,OTROS,11,6,18,1
ARVEJA_TIERNA_EN_VAINAQUANTUM,BOLIVARCARCHI,0.84,0.85,0.86,0.84,14/08/2024,0.86,21/08/2024,SUBIO,2.33,OTROS,11,6,19,4
ARVEJA_TIERNA_EN_VAINAQUANTUM,CUENCA_EL_ARENAL,0.8,0.87,0.91,0.91,16/08/2024,0.8,20/08/2024,BAJO,-13.75,OTROS,11,6,11,3
ARVEJA_TIERNA_EN_VAINAQUANTUM,GUAYAQUIL_TTV,0.85,0.88,0.9,0.85,15/08/2024,0.89,20/08/2024,SUBIO,4.49,OTROS,11,6,7,4
ARVEJA_TIERNA_EN_VAINAQUANTUM,IBARRA_COMERCIBARRA,0.7,0.8,0.9,0.7,15/08/2024,0.79,19/08/2024,SUBIO,11.39,OTROS,11,6,12,4
ARVEJA_TIERNA_EN_VAINAQUANTUM,MACHALA_MERCADO_MAYORISTA,1.17,1.17,1.17,,NAN,1.17,15/08/2024,NAN,,OTROS,11,6,20,1
ARVEJA_TIERNA_EN_VAINAQUANTUM,QUITO_MMQEP,0.77,0.87,0.94,0.77,16/08/2024,0.94,20/08/2024,SUBIO,18.09,OTROS,11,6,5,4
ARVEJA_TIERNA_EN_VAINAQUANTUM,RIOBAMBA_EPEMMPA,0.68,0.77,0.83,0.74,16/08/2024,0.68,19/08/2024,BAJO,-8.82,OTROS,11,6,9,3
AVENA_HOJUELAS,CUENCA_3_DE_NOVIEMBRE,1.15,1.15,1.15,1.15,13/08/2024,1.15,20/08/2024,SE_MANTIENE,0.0,OTROS,12,6,2,2
AVENA_HOJUELAS,GUAYAQUIL_TTV,0.87,0.88,0.89,0.88,15/08/2024,0.89,20/08/2024,SUBIO,1.12,OTROS,12,6,7,4
AVENA_HOJUELAS,QUITO_MMQEP,0.85,0.85,0.85,0.85,16/08/2024,0.85,20/08/2024,SE_MANTIENE,0.0,OTROS,12,6,5,2
AVENA_HOJUELAS,RIOBAMBA_EPEMMPA,0.81,0.81,0.81,,NAN,0.81,15/08/2024,NAN,,OTROS,12,6,9,1
AZUCAR_BLANCA,AMBATO_EPEMA,0.88,0.88,0.88,,NAN,0.88,14/08/2024,NAN,,OTROS,13,6,1,1
AZUCAR_BLANCA,CUENCA_3_DE_NOVIEMBRE,0.92,0.93,0.93,0.93,13/08/2024,0.92,20/08/2024,BAJO,-1.09,OTROS,13,6,2,3
AZUCAR_BLANCA,GUAYAQUIL_TTV,0.96,0.96,0.96,0.96,15/08/2024,0.96,20/08/2024,SE_MANTIENE,0.0,OTROS,13,6,7,2
AZUCAR_BLANCA,HUAQUILLAS,0.9,0.9,0.9,,NAN,0.9,15/08/2024,NAN,,OTROS,13,6,8,1
AZUCAR_BLANCA,IBARRA_BODEGAS,0.82,0.82,0.82,0.82,15/08/2024,0.82,19/08/2024,SE_MANTIENE,0.0,OTROS,13,6,3,2
AZUCAR_BLANCA,LATACUNGA_BODEGAS,0.89,0.89,0.89,,NAN,0.89,16/08/2024,NAN,,OTROS,13,6,4,1
AZUCAR_BLANCA,PORTOVIEJO_BODEGAS,0.98,0.98,0.98,0.98,16/08/2024,0.98,19/08/2024,SE_MANTIENE,0.0,OTROS,13,6,10,2
AZUCAR_BLANCA,QUITO_MMQEP,0.88,0.88,0.88,0.88,16/08/2024,0.88,20/08/2024,SE_MANTIENE,0.0,OTROS,13,6,5,2
AZUCAR_BLANCA,RIOBAMBA_EPEMMPA,0.9,0.9,0.9,,NAN,0.9,15/08/2024,NAN,,OTROS,13,6,9,1
AZUCAR_BLANCA,STO._DOMINGO,0.85,0.85,0.85,0.85,15/08/2024,0.85,20/08/2024,SE_MANTIENE,0.0,OTROS,13,6,15,2
AZUCAR_BLANCA,TULCAN_BODEGAS,0.84,0.84,0.84,,NAN,0.84,16/08/2024,NAN,,OTROS,13,6,6,1
BABACO,AMBATO_EPEMA,0.49,0.53,0.59,0.49,19/08/2024,0.49,21/08/2024,SE_MANTIENE,0.0,FRUTAS,14,2,1,2
BABACO,RIOBAMBA_EPEMMPA,0.52,0.57,0.64,0.54,16/08/2024,0.58,19/08/2024,SUBIO,6.9,FRUTAS,14,2,9,4
BANANO_(GUINEO),BABAHOYO_4_DE_MAYO,0.12,0.12,0.12,,NAN,0.12,15/08/2024,NAN,,FRUTAS,15,2,18,1
BANANO_(GUINEO),CUENCA_EL_ARENAL,0.44,0.44,0.44,0.44,16/08/2024,0.44,20/08/2024,SE_MANTIENE,0.0,FRUTAS,15,2,11,2
BANANO_(GUINEO),GUAYAQUIL_TTV,0.2,0.2,0.2,0.2,15/08/2024,0.2,20/08/2024,SE_MANTIENE,0.0,FRUTAS,15,2,7,2
BANANO_(GUINEO),MILAGRO_MERCADO_DE_TRANSFERENCIA,0.16,0.16,0.16,,NAN,0.16,16/08/2024,NAN,,FRUTAS,15,2,14,1
BANANO_(GUINEO),QUITO_MMQEP,0.13,0.21,0.28,0.21,16/08/2024,0.2,20/08/2024,BAJO,-5.0,FRUTAS,15,2,5,3
BANANO_(GUINEO),STO._DOMINGO,0.12,0.12,0.12,0.12,15/08/2024,0.12,20/08/2024,SE_MANTIENE,0.0,FRUTAS,15,2,15,2
BOVINO_A_LA_CANAL,CAMAL_MUNICIPAL_DE_CUENCA,3.52,3.52,3.52,3.52,14/08/2024,3.52,19/08/2024,SE_MANTIENE,0.0,OTROS,16,6,21,2
BOVINO_A_LA_CANAL,CAMAL_MUNICIPAL_DE_GUAYAQUIL,4.02,4.02,4.02,,NAN,4.02,11/08/2024,NAN,,OTROS,16,6,22,1
BOVINO_EN_PIE_TORETES,ASOGANSD,2.15,2.15,2.15,,NAN,2.15,13/08/2024,NAN,,OTROS,17,6,23,1
BOVINO_EN_PIE_TOROS,ASOGANSD,2.15,2.15,2.15,,NAN,2.15,13/08/2024,NAN,,OTROS,18,6,23,1
BOVINO_EN_PIE_VACAS,ASOGANSD,1.76,1.76,1.76,,NAN,1.76,13/08/2024,NAN,,OTROS,19,6,23,1
BOVINO_EN_PIE_VACONAS,ASOGANSD,1.87,1.87,1.87,,NAN,1.87,13/08/2024,NAN,,OTROS,20,6,23,1
BROCOLI,AMBATO_EPEMA,0.4,0.51,0.66,0.51,19/08/2024,0.66,21/08/2024,SUBIO,22.73,VERDURAS,21,3,1,4
BROCOLI,CUENCA_EL_ARENAL,0.82,0.82,0.82,0.82,16/08/2024,0.82,20/08/2024,SE_MANTIENE,0.0,VERDURAS,21,3,11,2
BROCOLI,GUARANDA_24_DE_MAYO,0.34,0.34,0.34,,NAN,0.34,14/08/2024,NAN,,VERDURAS,21,3,24,1
BROCOLI,GUAYAQUIL_TTV,0.73,0.77,0.84,0.74,15/08/2024,0.84,20/08/2024,SUBIO,11.9,VERDURAS,21,3,7,4
BROCOLI,IBARRA_COMERCIBARRA,0.44,0.44,0.44,0.44,15/08/2024,0.44,19/08/2024,SE_MANTIENE,0.0,VERDURAS,21,3,12,2
BROCOLI,MILAGRO_MERCADO_DE_TRANSFERENCIA,0.51,0.51,0.51,,NAN,0.51,16/08/2024,NAN,,VERDURAS,21,3,14,1
BROCOLI,QUITO_MMQEP,0.41,0.48,0.58,0.44,16/08/2024,0.58,20/08/2024,SUBIO,24.14,VERDURAS,21,3,5,4
BROCOLI,RIOBAMBA_EPEMMPA,0.44,0.54,0.71,0.51,19/08/2024,0.55,21/08/2024,SUBIO,7.27,VERDURAS,21,3,9,4
CEBADA_EN_GRANO_CONSUMO_HUMANO,AMBATO_EPEMA,0.55,0.55,0.55,,NAN,0.55,14/08/2024,NAN,,GRANOS,22,4,1,1
CEBADA_EN_GRANO_CONSUMO_HUMANO,RIOBAMBA_EPEMMPA,0.56,0.56,0.56,,NAN,0.56,15/08/2024,NAN,,GRANOS,22,4,9,1
CEBOLLA_BLANCA_EN_RAMA,AMBATO_EPEMA,0.47,0.5,0.55,0.47,19/08/2024,0.55,21/08/2024,SUBIO,14.55,VERDURAS,23,3,1,4
CEBOLLA_BLANCA_EN_RAMA,BABAHOYO_4_DE_MAYO,1.1,1.1,1.1,,NAN,1.1,15/08/2024,NAN,,VERDURAS,23,3,18,1
CEBOLLA_BLANCA_EN_RAMA,CUENCA_EL_ARENAL,0.88,0.88,0.88,0.88,16/08/2024,0.88,20/08/2024,SE_MANTIENE,0.0,VERDURAS,23,3,11,2
CEBOLLA_BLANCA_EN_RAMA,GUARANDA_24_DE_MAYO,1.37,1.37,1.37,,NAN,1.37,14/08/2024,NAN,,VERDURAS,23,3,24,1
CEBOLLA_BLANCA_EN_RAMA,GUAYAQUIL_TTV,0.6,0.62,0.66,0.6,15/08/2024,0.66,20/08/2024,SUBIO,9.09,VERDURAS,23,3,7,4
CEBOLLA_BLANCA_EN_RAMA,IBARRA_COMERCIBARRA,0.44,0.46,0.51,0.44,15/08/2024,0.44,19/08/2024,SE_MANTIENE,0.0,VERDURAS,23,3,12,2
CEBOLLA_BLANCA_EN_RAMA,LATACUNGA,0.61,0.62,0.63,0.63,16/08/2024,0.63,20/08/2024,SE_MANTIENE,0.0,VERDURAS,23,3,13,2
CEBOLLA_BLANCA_EN_RAMA,MACHACHI_FERIA_DE_PROD._AGRICOLAS,0.72,0.72,0.72,,NAN,0.72,15/08/2024,NAN,,VERDURAS,23,3,25,1
CEBOLLA_BLANCA_EN_RAMA,MACHALA_MERCADO_MAYORISTA,0.68,0.68,0.68,,NAN,0.68,15/08/2024,NAN,,VERDURAS,23,3,20,1
CEBOLLA_BLANCA_EN_RAMA,MILAGRO_MERCADO_DE_TRANSFERENCIA,0.57,0.57,0.57,,NAN,0.57,16/08/2024,NAN,,VERDURAS,23,3,14,1
CEBOLLA_BLANCA_EN_RAMA,QUITO_MMQEP,0.72,0.8,0.9,0.72,16/08/2024,0.9,20/08/2024,SUBIO,20.0,VERDURAS,23,3,5,4
CEBOLLA_BLANCA_EN_RAMA,RIOBAMBA_EPEMMPA,0.52,0.54,0.57,0.56,19/08/2024,0.52,21/08/2024,BAJO,-7.69,VERDURAS,23,3,9,3
CEBOLLA_BLANCA_EN_RAMA,SALCEDO_PLAZA_AMERICA,0.99,0.99,0.99,,NAN,0.99,15/08/2024,NAN,,VERDURAS,23,3,26,1
CEBOLLA_COLORADA_NACIONAL_HUMEDA,AMBATO_EPEMA,0.28,0.31,0.33,0.32,19/08/2024,0.28,21/08/2024,BAJO,-14.29,VERDURAS,24,3,1,3
CEBOLLA_COLORADA_NACIONAL_HUMEDA,BABAHOYO_4_DE_MAYO,0.33,0.33,0.33,,NAN,0.33,15/08/2024,NAN,,VERDURAS,24,3,18,1
CEBOLLA_COLORADA_NACIONAL_HUMEDA,GUAYAQUIL_TTV,0.28,0.29,0.3,0.28,15/08/2024,0.3,20/08/2024,SUBIO,6.67,VERDURAS,24,3,7,4
CEBOLLA_COLORADA_NACIONAL_HUMEDA,QUITO_MMQEP,0.27,0.32,0.37,0.31,16/08/2024,0.37,20/08/2024,SUBIO,16.22,VERDURAS,24,3,5,4
CEBOLLA_COLORADA_NACIONAL_HUMEDA,RIOBAMBA_EPEMMPA,0.27,0.29,0.3,0.3,16/08/2024,0.29,19/08/2024,BAJO,-3.45,VERDURAS,24,3,9,3
CEBOLLA_COLORADA_NACIONAL_SECA,BOLIVARCARCHI,0.29,0.3,0.3,0.29,14/08/2024,0.3,21/08/2024,SUBIO,3.33,VERDURAS,25,3,19,4
CEBOLLA_COLORADA_NACIONAL_SECA,CUENCA_EL_ARENAL,0.35,0.36,0.39,0.35,16/08/2024,0.39,20/08/2024,SUBIO,10.26,VERDURAS,25,3,11,4
CEBOLLA_COLORADA_NACIONAL_SECA,GUAYAQUIL_TTV,0.34,0.35,0.35,0.35,15/08/2024,0.35,20/08/2024,SE_MANTIENE,0.0,VERDURAS,25,3,7,2
CEBOLLA_COLORADA_NACIONAL_SECA,IBARRA_COMERCIBARRA,0.33,0.33,0.33,0.33,15/08/2024,0.33,19/08/2024,SE_MANTIENE,0.0,VERDURAS,25,3,12,2
CEBOLLA_COLORADA_NACIONAL_SECA,MACHALA_MERCADO_MAYORISTA,0.34,0.34,0.34,,NAN,0.34,15/08/2024,NAN,,VERDURAS,25,3,20,1
CEBOLLA_COLORADA_NACIONAL_SECA,QUITO_MMQEP,0.31,0.34,0.38,0.32,16/08/2024,0.38,20/08/2024,SUBIO,15.79,VERDURAS,25,3,5,4
CEBOLLA_COLORADA_NACIONAL_SECA,RIOBAMBA_EPEMMPA,0.33,0.36,0.39,0.36,16/08/2024,0.39,19/08/2024,SUBIO,7.69,VERDURAS,25,3,9,4
CEBOLLA_PERLA_NACIONAL_SECA,BOLIVARCARCHI,0.47,0.47,0.47,0.47,14/08/2024,0.47,21/08/2024,SE_MANTIENE,0.0,VERDURAS,26,3,19,2
CEBOLLA_PERLA_NACIONAL_SECA,CUENCA_EL_ARENAL,0.66,0.71,0.77,0.66,16/08/2024,0.7,20/08/2024,SUBIO,5.71,VERDURAS,26,3,11,4
CEBOLLA_PERLA_NACIONAL_SECA,GUAYAQUIL_TTV,0.52,0.56,0.64,0.52,15/08/2024,0.64,20/08/2024,SUBIO,18.75,VERDURAS,26,3,7,4
CEBOLLA_PERLA_NACIONAL_SECA,IBARRA_COMERCIBARRA,0.48,0.51,0.55,0.5,15/08/2024,0.48,19/08/2024,BAJO,-4.17,VERDURAS,26,3,12,3
CEBOLLA_PERLA_NACIONAL_SECA,MILAGRO_MERCADO_DE_TRANSFERENCIA,0.32,0.32,0.32,,NAN,0.32,16/08/2024,NAN,,VERDURAS,26,3,14,1
CEBOLLA_PERLA_NACIONAL_SECA,QUITO_MMQEP,0.48,0.5,0.52,0.48,16/08/2024,0.52,20/08/2024,SUBIO,7.69,VERDURAS,26,3,5,4
CERDO_EN_PIE_DESCARTE,ASOGANSD,2.09,2.15,2.2,2.2,13/08/2024,2.09,20/08/2024,BAJO,-5.26,OTROS,27,6,23,3
CERDO_EN_PIE_ENGORDE,ASOGANSD,2.42,2.42,2.42,,NAN,2.42,13/08/2024,NAN,,OTROS,28,6,23,1
COL,AMBATO_EPEMA,0.1,0.12,0.13,0.1,19/08/2024,0.13,21/08/2024,SUBIO,23.08,OTROS,29,6,1,4
COL,BABAHOYO_4_DE_MAYO,0.18,0.18,0.18,,NAN,0.18,15/08/2024,NAN,,OTROS,29,6,18,1
COL,CUENCA_EL_ARENAL,0.16,0.16,0.16,0.16,16/08/2024,0.16,20/08/2024,SE_MANTIENE,0.0,OTROS,29,6,11,2
COL,GUARANDA_24_DE_MAYO,0.29,0.29,0.29,,NAN,0.29,14/08/2024,NAN,,OTROS,29,6,24,1
COL,GUAYAQUIL_TTV,0.15,0.16,0.18,0.16,15/08/2024,0.16,20/08/2024,SE_MANTIENE,0.0,OTROS,29,6,7,2
COL,IBARRA_COMERCIBARRA,0.22,0.22,0.22,0.22,15/08/2024,0.22,19/08/2024,SE_MANTIENE,0.0,OTROS,29,6,12,2
COL,LATACUNGA,0.1,0.11,0.13,0.1,16/08/2024,0.13,20/08/2024,SUBIO,23.08,OTROS,29,6,13,4
COL,MACHALA_MERCADO_MAYORISTA,0.97,0.97,0.97,,NAN,0.97,15/08/2024,NAN,,OTROS,29,6,20,1
COL,MANTA_EL_MADRUGADOR,0.15,0.16,0.16,0.16,16/08/2024,0.16,20/08/2024,SE_MANTIENE,0.0,OTROS,29,6,27,2
COL,MILAGRO_MERCADO_DE_TRANSFERENCIA,0.23,0.23,0.23,,NAN,0.23,16/08/2024,NAN,,OTROS,29,6,14,1
COL,QUITO_MMQEP,0.18,0.19,0.19,0.19,16/08/2024,0.19,20/08/2024,SE_MANTIENE,0.0,OTROS,29,6,5,2
COL,RIOBAMBA_EPEMMPA,0.16,0.17,0.2,0.16,19/08/2024,0.2,21/08/2024,SUBIO,20.0,OTROS,29,6,9,4
FIDEO_LAZO_CHICO,AMBATO_EPEMA,1.0,1.0,1.0,,NAN,1.0,14/08/2024,NAN,,OTROS,30,6,1,1
FIDEO_LAZO_CHICO,CUENCA_3_DE_NOVIEMBRE,0.94,0.94,0.94,0.94,13/08/2024,0.94,20/08/2024,SE_MANTIENE,0.0,OTROS,30,6,2,2
FIDEO_LAZO_CHICO,GUAYAQUIL_TTV,1.21,1.22,1.23,1.21,15/08/2024,1.23,20/08/2024,SUBIO,1.63,OTROS,30,6,7,4
FIDEO_LAZO_CHICO,HUAQUILLAS,1.66,1.66,1.66,,NAN,1.66,15/08/2024,NAN,,OTROS,30,6,8,1
FIDEO_LAZO_CHICO,IBARRA_BODEGAS,1.35,1.35,1.35,1.35,15/08/2024,1.35,19/08/2024,SE_MANTIENE,0.0,OTROS,30,6,3,2
FIDEO_LAZO_CHICO,LATACUNGA_BODEGAS,1.0,1.0,1.0,,NAN,1.0,16/08/2024,NAN,,OTROS,30,6,4,1
FIDEO_LAZO_CHICO,QUITO_MMQEP,1.11,1.11,1.11,1.11,16/08/2024,1.11,20/08/2024,SE_MANTIENE,0.0,OTROS,30,6,5,2
FIDEO_LAZO_CHICO,RIOBAMBA_EPEMMPA,1.01,1.01,1.01,,NAN,1.01,15/08/2024,NAN,,OTROS,30,6,9,1
FREJOL_EN_VAINA_GEMA,AMBATO_EPEMA,0.73,0.76,0.79,0.79,19/08/2024,0.78,21/08/2024,BAJO,-1.28,OTROS,31,6,1,3
FREJOL_EN_VAINA_GEMA,BABAHOYO_4_DE_MAYO,0.77,0.77,0.77,,NAN,0.77,15/08/2024,NAN,,OTROS,31,6,18,1
FREJOL_EN_VAINA_GEMA,GUAYAQUIL_TTV,0.77,0.77,0.78,0.77,15/08/2024,0.78,20/08/2024,SUBIO,1.28,OTROS,31,6,7,4
FREJOL_EN_VAINA_GEMA,IBARRA_COMERCIBARRA,0.4,0.46,0.54,0.44,15/08/2024,0.4,19/08/2024,BAJO,-10.0,OTROS,31,6,12,3
FREJOL_EN_VAINA_GEMA,MILAGRO_MERCADO_DE_TRANSFERENCIA,1.16,1.16,1.16,,NAN,1.16,16/08/2024,NAN,,OTROS,31,6,14,1
FREJOL_EN_VAINA_GEMA,QUITO_MMQEP,0.56,0.6,0.66,0.56,16/08/2024,0.59,20/08/2024,SUBIO,5.08,OTROS,31,6,5,4
FREJOL_SECO_BAYO_BOLON,AGUAS_VERDES_PERU,2.42,2.42,2.42,,NAN,2.42,15/08/2024,NAN,,OTROS,32,6,16,1
FREJOL_SECO_BAYO_BOLON,CUENCA_3_DE_NOVIEMBRE,2.86,2.86,2.86,2.86,13/08/2024,2.86,20/08/2024,SE_MANTIENE,0.0,OTROS,32,6,2,2
FREJOL_SECO_CANARIO,AMBATO_EPEMA,2.45,2.45,2.45,,NAN,2.45,14/08/2024,NAN,,OTROS,33,6,1,1
FREJOL_SECO_CANARIO,CUENCA_3_DE_NOVIEMBRE,2.86,2.86,2.86,2.86,13/08/2024,2.86,20/08/2024,SE_MANTIENE,0.0,OTROS,33,6,2,2
FREJOL_SECO_CANARIO,GUAYAQUIL_TTV,2.42,2.48,2.61,2.61,15/08/2024,2.42,20/08/2024,BAJO,-7.85,OTROS,33,6,7,3
FREJOL_SECO_CANARIO,LATACUNGA_BODEGAS,3.43,3.43,3.43,,NAN,3.43,16/08/2024,NAN,,OTROS,33,6,4,1
FREJOL_SECO_CANARIO,QUITO_MMQEP,3.26,3.26,3.26,3.26,16/08/2024,3.26,20/08/2024,SE_MANTIENE,0.0,OTROS,33,6,5,2
FREJOL_SECO_CANARIO,RIOBAMBA_EPEMMPA,2.6,2.6,2.6,,NAN,2.6,15/08/2024,NAN,,OTROS,33,6,9,1
FREJOL_SECO_PANAMITO,AGUAS_VERDES_PERU,1.76,1.76,1.76,,NAN,1.76,15/08/2024,NAN,,OTROS,34,6,16,1
FREJOL_SECO_PANAMITO,AMBATO_EPEMA,1.79,1.79,1.79,,NAN,1.79,14/08/2024,NAN,,OTROS,34,6,1,1
FREJOL_SECO_PANAMITO,CUENCA_3_DE_NOVIEMBRE,2.05,2.05,2.05,2.05,13/08/2024,2.05,20/08/2024,SE_MANTIENE,0.0,OTROS,34,6,2,2
FREJOL_SECO_PANAMITO,GUAYAQUIL_TTV,1.76,1.76,1.76,1.76,15/08/2024,1.76,20/08/2024,SE_MANTIENE,0.0,OTROS,34,6,7,2
FREJOL_SECO_PANAMITO,LATACUNGA_BODEGAS,2.15,2.15,2.15,,NAN,2.15,16/08/2024,NAN,,OTROS,34,6,4,1
FREJOL_SECO_PANAMITO,QUITO_MMQEP,1.9,1.9,1.9,1.9,16/08/2024,1.9,20/08/2024,SE_MANTIENE,0.0,OTROS,34,6,5,2
FREJOL_SECO_PANAMITO,RIOBAMBA_EPEMMPA,1.92,1.92,1.92,,NAN,1.92,15/08/2024,NAN,,OTROS,34,6,9,1
FREJOL_TIERNO_EN_VAINA_CANARIO,CUENCA_EL_ARENAL,0.79,0.89,0.99,0.79,16/08/2024,0.88,20/08/2024,SUBIO,10.23,OTROS,35,6,11,4
FREJOL_TIERNO_EN_VAINA_CANARIO,GUARANDA_24_DE_MAYO,0.88,0.88,0.88,,NAN,0.88,14/08/2024,NAN,,OTROS,35,6,24,1
FREJOL_TIERNO_EN_VAINA_CANARIO,RIOBAMBA_EPEMMPA,0.39,0.5,0.58,0.45,16/08/2024,0.39,19/08/2024,BAJO,-15.38,OTROS,35,6,9,3
FREJOL_TIERNO_EN_VAINA_CARGABELLO,AMBATO_EPEMA,0.5,0.54,0.57,0.54,19/08/2024,0.57,21/08/2024,SUBIO,5.26,OTROS,36,6,1,4
FREJOL_TIERNO_EN_VAINA_CARGABELLO,BABAHOYO_4_DE_MAYO,0.77,0.77,0.77,,NAN,0.77,15/08/2024,NAN,,OTROS,36,6,18,1
FREJOL_TIERNO_EN_VAINA_CARGABELLO,BOLIVARCARCHI,0.44,0.46,0.47,0.47,14/08/2024,0.44,21/08/2024,BAJO,-6.82,OTROS,36,6,19,3
FREJOL_TIERNO_EN_VAINA_CARGABELLO,IBARRA_COMERCIBARRA,0.4,0.43,0.44,0.4,15/08/2024,0.44,19/08/2024,SUBIO,9.09,OTROS,36,6,12,4
FREJOL_TIERNO_EN_VAINA_CARGABELLO,QUITO_MMQEP,0.5,0.52,0.54,0.5,16/08/2024,0.52,20/08/2024,SUBIO,3.85,OTROS,36,6,5,4
FREJOL_TIERNO_EN_VAINA_CARGABELLO,RIOBAMBA_EPEMMPA,0.48,0.62,0.73,0.48,16/08/2024,0.53,19/08/2024,SUBIO,9.43,OTROS,36,6,9,4
FREJOL_TIERNO_EN_VAINA_CENTENARIO,IBARRA_COMERCIBARRA,0.4,0.43,0.44,0.4,15/08/2024,0.44,19/08/2024,SUBIO,9.09,GRANOS,37,4,12,4
FRUTILLA,AMBATO_EPEMA,1.83,1.95,2.07,2.07,19/08/2024,2.07,21/08/2024,SE_MANTIENE,0.0,FRUTAS,38,2,1,2
FRUTILLA,CUENCA_EL_ARENAL,1.98,2.13,2.2,2.2,16/08/2024,2.2,20/08/2024,SE_MANTIENE,0.0,FRUTAS,38,2,11,2
FRUTILLA,GUAYAQUIL_TTV,2.54,2.57,2.62,2.62,15/08/2024,2.54,20/08/2024,BAJO,-3.15,FRUTAS,38,2,7,3
FRUTILLA,IBARRA_COMERCIBARRA,1.76,1.87,1.93,1.93,15/08/2024,1.93,19/08/2024,SE_MANTIENE,0.0,FRUTAS,38,2,12,2
FRUTILLA,LATACUNGA,2.64,2.74,2.9,2.64,16/08/2024,2.69,20/08/2024,SUBIO,1.86,FRUTAS,38,2,13,4
FRUTILLA,MILAGRO_MERCADO_DE_TRANSFERENCIA,1.66,1.66,1.66,,NAN,1.66,16/08/2024,NAN,,FRUTAS,38,2,14,1
FRUTILLA,QUITO_MMQEP,1.99,1.99,1.99,1.99,16/08/2024,1.99,20/08/2024,SE_MANTIENE,0.0,FRUTAS,38,2,5,2
FRUTILLA,RIOBAMBA_EPEMMPA,2.05,2.27,2.34,2.34,16/08/2024,2.05,19/08/2024,BAJO,-14.15,FRUTAS,38,2,9,3
GRANADILLA,AMBATO_EPEMA,1.27,1.64,1.83,1.73,19/08/2024,1.83,21/08/2024,SUBIO,5.46,FRUTAS,39,2,1,4
HABA_SECA,CUENCA_3_DE_NOVIEMBRE,1.32,1.32,1.32,1.32,13/08/2024,1.32,20/08/2024,SE_MANTIENE,0.0,GRANOS,40,4,2,2
HABA_SECA,IBARRA_BODEGAS,0.77,0.84,0.88,0.88,15/08/2024,0.77,19/08/2024,BAJO,-14.29,GRANOS,40,4,3,3
HABA_SECA,LATACUNGA_BODEGAS,3.19,3.19,3.19,,NAN,3.19,16/08/2024,NAN,,GRANOS,40,4,4,1
HABA_SECA,QUITO_MMQEP,3.04,3.04,3.04,3.04,16/08/2024,3.04,20/08/2024,SE_MANTIENE,0.0,GRANOS,40,4,5,2
HABA_SECA,RIOBAMBA_EPEMMPA,1.02,1.02,1.02,,NAN,1.02,15/08/2024,NAN,,GRANOS,40,4,9,1
HABA_SECA,TULCAN_BODEGAS,2.97,2.97,2.97,,NAN,2.97,16/08/2024,NAN,,GRANOS,40,4,6,1
HABA_TIERNA_EN_VAINA,AMBATO_EPEMA,0.25,0.37,0.42,0.37,19/08/2024,0.41,21/08/2024,SUBIO,9.76,GRANOS,41,4,1,4
HABA_TIERNA_EN_VAINA,AZOGUES_5_DE_AGOSTO,0.38,0.38,0.38,,NAN,0.38,16/08/2024,NAN,,GRANOS,41,4,17,1
HABA_TIERNA_EN_VAINA,BABAHOYO_4_DE_MAYO,0.48,0.48,0.48,,NAN,0.48,15/08/2024,NAN,,GRANOS,41,4,18,1
HABA_TIERNA_EN_VAINA,BOLIVARCARCHI,0.28,0.29,0.3,0.28,14/08/2024,0.3,21/08/2024,SUBIO,6.67,GRANOS,41,4,19,4
HABA_TIERNA_EN_VAINA,CUENCA_EL_ARENAL,0.37,0.44,0.47,0.47,16/08/2024,0.47,20/08/2024,SE_MANTIENE,0.0,GRANOS,41,4,11,2
HABA_TIERNA_EN_VAINA,GUARANDA_24_DE_MAYO,0.32,0.32,0.32,,NAN,0.32,14/08/2024,NAN,,GRANOS,41,4,24,1
HABA_TIERNA_EN_VAINA,GUAYAQUIL_TTV,0.32,0.4,0.44,0.44,15/08/2024,0.44,20/08/2024,SE_MANTIENE,0.0,GRANOS,41,4,7,2
HABA_TIERNA_EN_VAINA,IBARRA_COMERCIBARRA,0.33,0.35,0.38,0.38,15/08/2024,0.33,19/08/2024,BAJO,-15.15,GRANOS,41,4,12,3
HABA_TIERNA_EN_VAINA,LATACUNGA,0.25,0.26,0.29,0.25,16/08/2024,0.25,20/08/2024,SE_MANTIENE,0.0,GRANOS,41,4,13,2
HABA_TIERNA_EN_VAINA,MACHACHI_FERIA_DE_PROD._AGRICOLAS,0.26,0.26,0.26,,NAN,0.26,15/08/2024,NAN,,GRANOS,41,4,25,1
HABA_TIERNA_EN_VAINA,MACHALA_MERCADO_MAYORISTA,0.51,0.51,0.51,,NAN,0.51,15/08/2024,NAN,,GRANOS,41,4,20,1
HABA_TIERNA_EN_VAINA,MILAGRO_MERCADO_DE_TRANSFERENCIA,0.34,0.34,0.34,,NAN,0.34,16/08/2024,NAN,,GRANOS,41,4,14,1
HABA_TIERNA_EN_VAINA,QUITO_MMQEP,0.33,0.36,0.38,0.36,16/08/2024,0.38,20/08/2024,SUBIO,5.26,GRANOS,41,4,5,4
HABA_TIERNA_EN_VAINA,RIOBAMBA_EPEMMPA,0.33,0.35,0.37,0.33,16/08/2024,0.34,19/08/2024,SUBIO,2.94,GRANOS,41,4,9,4
LECHUGA,AMBATO_EPEMA,0.12,0.16,0.19,0.15,19/08/2024,0.16,21/08/2024,SUBIO,6.25,VERDURAS,42,3,1,4
LECHUGA,BABAHOYO_4_DE_MAYO,0.26,0.26,0.26,,NAN,0.26,15/08/2024,NAN,,VERDURAS,42,3,18,1
LECHUGA,CUENCA_EL_ARENAL,0.15,0.18,0.25,0.15,16/08/2024,0.25,20/08/2024,SUBIO,40.0,VERDURAS,42,3,11,4
LECHUGA,GUARANDA_24_DE_MAYO,0.24,0.24,0.24,,NAN,0.24,14/08/2024,NAN,,VERDURAS,42,3,24,1
LECHUGA,GUAYAQUIL_TTV,0.11,0.11,0.12,0.12,15/08/2024,0.11,20/08/2024,BAJO,-9.09,VERDURAS,42,3,7,3
LECHUGA,IBARRA_COMERCIBARRA,0.12,0.13,0.14,0.12,15/08/2024,0.14,19/08/2024,SUBIO,14.29,VERDURAS,42,3,12,4
LECHUGA,LATACUNGA,0.15,0.15,0.15,0.15,16/08/2024,0.15,20/08/2024,SE_MANTIENE,0.0,VERDURAS,42,3,13,2
LECHUGA,MANTA_EL_MADRUGADOR,0.24,0.27,0.3,0.3,13/08/2024,0.24,16/08/2024,BAJO,-25.0,VERDURAS,42,3,27,3
LECHUGA,MILAGRO_MERCADO_DE_TRANSFERENCIA,0.18,0.18,0.18,,NAN,0.18,16/08/2024,NAN,,VERDURAS,42,3,14,1
LECHUGA,QUITO_MMQEP,0.26,0.27,0.28,0.26,16/08/2024,0.28,20/08/2024,SUBIO,7.14,VERDURAS,42,3,5,4
LECHUGA,RIOBAMBA_EPEMMPA,0.09,0.12,0.16,0.1,16/08/2024,0.09,19/08/2024,BAJO,-11.11,VERDURAS,42,3,9,3
LENTEJA,AGUAS_VERDES_PERU,1.76,1.76,1.76,,NAN,1.76,15/08/2024,NAN,,GRANOS,43,4,16,1
LENTEJA,AMBATO_EPEMA,1.92,1.92,1.92,,NAN,1.92,14/08/2024,NAN,,GRANOS,43,4,1,1
LENTEJA,CUENCA_3_DE_NOVIEMBRE,2.05,2.06,2.06,2.06,13/08/2024,2.05,20/08/2024,BAJO,-0.49,GRANOS,43,4,2,3
LENTEJA,GUAYAQUIL_TTV,2.09,2.09,2.1,2.09,15/08/2024,2.1,20/08/2024,SUBIO,0.48,GRANOS,43,4,7,4
LENTEJA,HUAQUILLAS,2.01,2.01,2.01,,NAN,2.01,15/08/2024,NAN,,GRANOS,43,4,8,1
LENTEJA,LATACUNGA_BODEGAS,2.07,2.07,2.07,,NAN,2.07,16/08/2024,NAN,,GRANOS,43,4,4,1
LENTEJA,PORTOVIEJO_BODEGAS,2.2,2.2,2.2,2.2,16/08/2024,2.2,19/08/2024,SE_MANTIENE,0.0,GRANOS,43,4,10,2
LENTEJA,QUITO_MMQEP,2.03,2.03,2.03,2.03,16/08/2024,2.03,20/08/2024,SE_MANTIENE,0.0,GRANOS,43,4,5,2
LENTEJA,RIOBAMBA_EPEMMPA,2.08,2.08,2.08,,NAN,2.08,15/08/2024,NAN,,GRANOS,43,4,9,1
LIMON_SUTIL,AMBATO_EPEMA,0.5,0.54,0.57,0.54,19/08/2024,0.57,21/08/2024,SUBIO,5.26,FRUTAS,44,2,1,4
LIMON_SUTIL,BABAHOYO_4_DE_MAYO,0.63,0.63,0.63,,NAN,0.63,15/08/2024,NAN,,FRUTAS,44,2,18,1
LIMON_SUTIL,CUENCA_EL_ARENAL,0.55,0.56,0.57,0.55,16/08/2024,0.57,20/08/2024,SUBIO,3.51,FRUTAS,44,2,11,4
LIMON_SUTIL,GUAYAQUIL_TTV,0.45,0.52,0.62,0.45,15/08/2024,0.48,20/08/2024,SUBIO,6.25,FRUTAS,44,2,7,4
LIMON_SUTIL,IBARRA_COMERCIBARRA,0.53,0.55,0.57,0.57,15/08/2024,0.53,19/08/2024,BAJO,-7.55,FRUTAS,44,2,12,3
LIMON_SUTIL,MACHALA_MERCADO_MAYORISTA,0.54,0.54,0.54,,NAN,0.54,15/08/2024,NAN,,FRUTAS,44,2,20,1
LIMON_SUTIL,MANTA_EL_MADRUGADOR,0.55,0.56,0.56,0.55,16/08/2024,0.56,20/08/2024,SUBIO,1.79,FRUTAS,44,2,27,4
LIMON_SUTIL,MILAGRO_MERCADO_DE_TRANSFERENCIA,0.48,0.48,0.48,,NAN,0.48,16/08/2024,NAN,,FRUTAS,44,2,14,1
LIMON_SUTIL,PORTOVIEJO,0.49,0.52,0.55,0.49,16/08/2024,0.52,19/08/2024,SUBIO,5.77,FRUTAS,44,2,28,4
LIMON_SUTIL,QUITO_MMQEP,0.55,0.57,0.6,0.55,16/08/2024,0.6,20/08/2024,SUBIO,8.33,FRUTAS,44,2,5,4
LIMON_SUTIL,RIOBAMBA_EPEMMPA,0.63,0.66,0.71,0.65,16/08/2024,0.65,19/08/2024,SE_MANTIENE,0.0,FRUTAS,44,2,9,2
LIMON_SUTIL,STO._DOMINGO,0.59,0.59,0.6,0.59,15/08/2024,0.6,20/08/2024,SUBIO,1.67,FRUTAS,44,2,15,4
MAIZ_DURO_AMARILLO_(SECO_Y_LIMPIO),AMBATO_EPEMA,0.46,0.47,0.47,0.47,14/08/2024,0.46,21/08/2024,BAJO,-2.17,GRANOS,45,4,1,3
MAIZ_SUAVE_CHOCLO,AMBATO_EPEMA,0.42,0.45,0.49,0.45,19/08/2024,0.49,21/08/2024,SUBIO,8.16,GRANOS,46,4,1,4
MAIZ_SUAVE_CHOCLO,AZOGUES_5_DE_AGOSTO,0.35,0.35,0.35,,NAN,0.35,16/08/2024,NAN,,GRANOS,46,4,17,1
MAIZ_SUAVE_CHOCLO,CUENCA_EL_ARENAL,0.5,0.5,0.5,0.5,16/08/2024,0.5,20/08/2024,SE_MANTIENE,0.0,GRANOS,46,4,11,2
MAIZ_SUAVE_CHOCLO,GUARANDA_24_DE_MAYO,0.39,0.39,0.39,,NAN,0.39,14/08/2024,NAN,,GRANOS,46,4,24,1
MAIZ_SUAVE_CHOCLO,GUAYAQUIL_TTV,0.44,0.47,0.5,0.44,15/08/2024,0.46,20/08/2024,SUBIO,4.35,GRANOS,46,4,7,4
MAIZ_SUAVE_CHOCLO,IBARRA_COMERCIBARRA,0.31,0.32,0.35,0.35,15/08/2024,0.31,19/08/2024,BAJO,-12.9,GRANOS,46,4,12,3
MAIZ_SUAVE_CHOCLO,LATACUNGA,0.31,0.31,0.31,0.31,16/08/2024,0.31,20/08/2024,SE_MANTIENE,0.0,GRANOS,46,4,13,2
MAIZ_SUAVE_CHOCLO,MACHACHI_FERIA_DE_PROD._AGRICOLAS,0.28,0.28,0.28,,NAN,0.28,15/08/2024,NAN,,GRANOS,46,4,25,1
MAIZ_SUAVE_CHOCLO,MACHALA_MERCADO_MAYORISTA,0.46,0.46,0.46,,NAN,0.46,15/08/2024,NAN,,GRANOS,46,4,20,1
MAIZ_SUAVE_CHOCLO,MILAGRO_MERCADO_DE_TRANSFERENCIA,0.43,0.43,0.43,,NAN,0.43,16/08/2024,NAN,,GRANOS,46,4,14,1
MAIZ_SUAVE_CHOCLO,QUITO_MMQEP,0.26,0.3,0.37,0.27,16/08/2024,0.37,20/08/2024,SUBIO,27.03,GRANOS,46,4,5,4
MAIZ_SUAVE_CHOCLO,SALCEDO_PLAZA_AMERICA,0.29,0.29,0.29,,NAN,0.29,15/08/2024,NAN,,GRANOS,46,4,26,1
MAIZ_SUAVE_SECO_BLANCO_MOTE,AGUAS_VERDES_PERU,2.42,2.42,2.42,,NAN,2.42,15/08/2024,NAN,,GRANOS,47,4,16,1
MAIZ_SUAVE_SECO_BLANCO_MOTE,CUENCA_3_DE_NOVIEMBRE,1.68,1.68,1.68,1.68,13/08/2024,1.68,20/08/2024,SE_MANTIENE,0.0,GRANOS,47,4,2,2
MAIZ_SUAVE_SECO_BLANCO_MOTE,GUAYAQUIL_TTV,1.43,1.43,1.44,1.44,15/08/2024,1.43,20/08/2024,BAJO,-0.7,GRANOS,47,4,7,3
MAIZ_SUAVE_SECO_BLANCO_MOTE,IBARRA_BODEGAS,1.03,1.05,1.1,1.03,15/08/2024,1.1,19/08/2024,SUBIO,6.36,GRANOS,47,4,3,4
MAIZ_SUAVE_SECO_BLANCO_MOTE,QUITO_MMQEP,1.43,1.43,1.43,1.43,16/08/2024,1.43,20/08/2024,SE_MANTIENE,0.0,GRANOS,47,4,5,2
MAIZ_SUAVE_SECO_BLANCO_MOTE,RIOBAMBA_EPEMMPA,1.54,1.54,1.54,,NAN,1.54,15/08/2024,NAN,,GRANOS,47,4,9,1
MAIZ_SUAVE_SECO_BLANCO_MOTE,TULCAN_BODEGAS,1.87,1.87,1.87,,NAN,1.87,16/08/2024,NAN,,GRANOS,47,4,6,1
MAIZ_SUAVE_SECO_AMARILLO_TOSTADO,AGUAS_VERDES_PERU,1.58,1.58,1.58,,NAN,1.58,15/08/2024,NAN,,GRANOS,48,4,16,1
MAIZ_SUAVE_SECO_AMARILLO_TOSTADO,AMBATO_EPEMA,1.57,1.57,1.57,,NAN,1.57,14/08/2024,NAN,,GRANOS,48,4,1,1
MAIZ_SUAVE_SECO_AMARILLO_TOSTADO,GUAYAQUIL_TTV,1.54,1.62,1.68,1.68,15/08/2024,1.65,20/08/2024,BAJO,-1.82,GRANOS,48,4,7,3
MAIZ_SUAVE_SECO_AMARILLO_TOSTADO,IBARRA_BODEGAS,1.1,1.14,1.21,1.1,15/08/2024,1.21,19/08/2024,SUBIO,9.09,GRANOS,48,4,3,4
MAIZ_SUAVE_SECO_AMARILLO_TOSTADO,LATACUNGA_BODEGAS,2.08,2.08,2.08,,NAN,2.08,16/08/2024,NAN,,GRANOS,48,4,4,1
MAIZ_SUAVE_SECO_AMARILLO_TOSTADO,QUITO_MMQEP,2.34,2.34,2.34,2.34,16/08/2024,2.34,20/08/2024,SE_MANTIENE,0.0,GRANOS,48,4,5,2
MAIZ_SUAVE_SECO_AMARILLO_TOSTADO,RIOBAMBA_EPEMMPA,1.39,1.39,1.39,,NAN,1.39,15/08/2024,NAN,,GRANOS,48,4,9,1
MAIZ_SUAVE_SECO_AMARILLO_TOSTADO,TULCAN_BODEGAS,2.53,2.53,2.53,,NAN,2.53,16/08/2024,NAN,,GRANOS,48,4,6,1
MANDARINA_DE_LA_COSTA,AMBATO_EPEMA,0.83,0.86,0.88,0.85,19/08/2024,0.88,21/08/2024,SUBIO,3.41,FRUTAS,49,2,1,4
MANDARINA_DE_LA_COSTA,CUENCA_EL_ARENAL,0.73,0.73,0.73,0.73,13/08/2024,0.73,16/08/2024,SE_MANTIENE,0.0,FRUTAS,49,2,11,2
MANDARINA_DE_LA_COSTA,GUAYAQUIL_TTV,0.73,0.77,0.85,0.73,15/08/2024,0.85,20/08/2024,SUBIO,14.12,FRUTAS,49,2,7,4
MANDARINA_DE_LA_COSTA,PORTOVIEJO,0.44,0.48,0.56,0.44,16/08/2024,0.56,19/08/2024,SUBIO,21.43,FRUTAS,49,2,28,4
MANDARINA_DE_LA_COSTA,QUITO_MMQEP,0.79,0.82,0.88,0.8,16/08/2024,0.88,20/08/2024,SUBIO,9.09,FRUTAS,49,2,5,4
MANDARINA_DE_LA_SIERRA,AMBATO_EPEMA,0.53,0.57,0.61,0.53,19/08/2024,0.56,21/08/2024,SUBIO,5.36,FRUTAS,50,2,1,4
MANDARINA_DE_LA_SIERRA,LATACUNGA,0.56,0.57,0.58,0.57,16/08/2024,0.58,20/08/2024,SUBIO,1.72,FRUTAS,50,2,13,4
MANDARINA_DE_LA_SIERRA,RIOBAMBA_EPEMMPA,0.61,0.67,0.73,0.61,16/08/2024,0.66,19/08/2024,SUBIO,7.58,FRUTAS,50,2,9,4
MANI_EN_GRANO,AMBATO_EPEMA,2.86,2.86,2.86,,NAN,2.86,14/08/2024,NAN,,OTROS,51,6,1,1
MANI_EN_GRANO,CUENCA_3_DE_NOVIEMBRE,2.78,2.82,2.86,2.78,13/08/2024,2.86,20/08/2024,SUBIO,2.8,OTROS,51,6,2,4
MANI_EN_GRANO,GUAYAQUIL_TTV,2.63,2.63,2.63,2.63,15/08/2024,2.63,20/08/2024,SE_MANTIENE,0.0,OTROS,51,6,7,2
MANI_EN_GRANO,IBARRA_BODEGAS,2.75,2.76,2.77,2.75,15/08/2024,2.77,19/08/2024,SUBIO,0.72,OTROS,51,6,3,4
MANI_EN_GRANO,LATACUNGA_BODEGAS,2.6,2.6,2.6,,NAN,2.6,16/08/2024,NAN,,OTROS,51,6,4,1
MANI_EN_GRANO,QUITO_MMQEP,2.77,2.77,2.77,2.77,16/08/2024,2.77,20/08/2024,SE_MANTIENE,0.0,OTROS,51,6,5,2
MANI_EN_GRANO,TULCAN_BODEGAS,2.86,2.86,2.86,,NAN,2.86,16/08/2024,NAN,,OTROS,51,6,6,1
MANZANA_IMPORTADA,AMBATO_EPEMA,1.56,1.64,1.71,1.56,19/08/2024,1.6,21/08/2024,SUBIO,2.5,FRUTAS,52,2,1,4
MANZANA_IMPORTADA,CUENCA_EL_ARENAL,1.5,1.5,1.5,1.5,16/08/2024,1.5,20/08/2024,SE_MANTIENE,0.0,FRUTAS,52,2,11,2
MANZANA_IMPORTADA,GUARANDA_24_DE_MAYO,1.63,1.63,1.63,,NAN,1.63,14/08/2024,NAN,,FRUTAS,52,2,24,1
MANZANA_IMPORTADA,GUAYAQUIL_TTV,1.56,1.57,1.58,1.58,15/08/2024,1.56,20/08/2024,BAJO,-1.28,FRUTAS,52,2,7,3
MANZANA_IMPORTADA,IBARRA_COMERCIBARRA,1.23,1.29,1.32,1.32,15/08/2024,1.32,19/08/2024,SE_MANTIENE,0.0,FRUTAS,52,2,12,2
MANZANA_IMPORTADA,QUITO_MMQEP,1.63,1.65,1.68,1.63,16/08/2024,1.68,20/08/2024,SUBIO,2.98,FRUTAS,52,2,5,4
MANZANA_IMPORTADA,RIOBAMBA_EPEMMPA,1.55,1.68,1.94,1.58,16/08/2024,1.63,19/08/2024,SUBIO,3.07,FRUTAS,52,2,9,4
MARACUYA,AMBATO_EPEMA,0.8,0.83,0.88,0.8,19/08/2024,0.8,21/08/2024,SE_MANTIENE,0.0,FRUTAS,53,2,1,2
MARACUYA,BABAHOYO_4_DE_MAYO,0.88,0.88,0.88,,NAN,0.88,15/08/2024,NAN,,FRUTAS,53,2,18,1
MARACUYA,CUENCA_EL_ARENAL,0.66,0.69,0.71,0.66,16/08/2024,0.71,20/08/2024,SUBIO,7.04,FRUTAS,53,2,11,4
MARACUYA,GUAYAQUIL_TTV,0.86,0.87,0.88,0.86,15/08/2024,0.86,20/08/2024,SE_MANTIENE,0.0,FRUTAS,53,2,7,2
MARACUYA,IBARRA_COMERCIBARRA,0.75,0.77,0.81,0.75,15/08/2024,0.75,19/08/2024,SE_MANTIENE,0.0,FRUTAS,53,2,12,2
MARACUYA,MACHALA_MERCADO_MAYORISTA,0.81,0.81,0.81,,NAN,0.81,15/08/2024,NAN,,FRUTAS,53,2,20,1
MARACUYA,MANTA_EL_MADRUGADOR,0.5,0.52,0.54,0.54,13/08/2024,0.5,16/08/2024,BAJO,-8.0,FRUTAS,53,2,27,3
MARACUYA,MILAGRO_MERCADO_DE_TRANSFERENCIA,0.53,0.53,0.53,,NAN,0.53,16/08/2024,NAN,,FRUTAS,53,2,14,1
MARACUYA,PORTOVIEJO,0.47,0.48,0.5,0.47,16/08/2024,0.5,19/08/2024,SUBIO,6.0,FRUTAS,53,2,28,4
MARACUYA,QUITO_MMQEP,0.62,0.63,0.64,0.62,16/08/2024,0.64,20/08/2024,SUBIO,3.12,FRUTAS,53,2,5,4
MARACUYA,RIOBAMBA_EPEMMPA,0.77,0.83,0.94,0.81,19/08/2024,0.83,21/08/2024,SUBIO,2.41,FRUTAS,53,2,9,4
MARACUYA,STO._DOMINGO,0.69,0.69,0.69,0.69,15/08/2024,0.69,20/08/2024,SE_MANTIENE,0.0,FRUTAS,53,2,15,2
MELLOCO_AMARILLO,MACHACHI_FERIA_DE_PROD._AGRICOLAS,0.45,0.45,0.45,,NAN,0.45,15/08/2024,NAN,,TUBERCULOS,54,5,25,1
MELLOCO_BLANCO,AMBATO_EPEMA,0.33,0.37,0.42,0.35,19/08/2024,0.34,21/08/2024,BAJO,-2.94,TUBERCULOS,55,5,1,3
MELLOCO_BLANCO,MILAGRO_MERCADO_DE_TRANSFERENCIA,0.58,0.58,0.58,,NAN,0.58,16/08/2024,NAN,,TUBERCULOS,55,5,14,1
MELLOCO_BLANCO,RIOBAMBA_EPEMMPA,0.26,0.31,0.33,0.33,19/08/2024,0.26,21/08/2024,BAJO,-26.92,TUBERCULOS,55,5,9,3
MELLOCO_CARAMELO,AZOGUES_5_DE_AGOSTO,0.45,0.45,0.45,,NAN,0.45,16/08/2024,NAN,,TUBERCULOS,56,5,17,1
MELLOCO_CARAMELO,RIOBAMBA_EPEMMPA,0.15,0.17,0.19,0.19,16/08/2024,0.17,21/08/2024,BAJO,-11.76,TUBERCULOS,56,5,9,3
MELLOCO_ROJO,AMBATO_EPEMA,0.2,0.24,0.26,0.26,19/08/2024,0.26,21/08/2024,SE_MANTIENE,0.0,TUBERCULOS,57,5,1,2
MELON,AMBATO_EPEMA,0.58,0.61,0.65,0.58,19/08/2024,0.59,21/08/2024,SUBIO,1.69,FRUTAS,58,2,1,4
MELON,BABAHOYO_4_DE_MAYO,0.66,0.66,0.66,,NAN,0.66,15/08/2024,NAN,,FRUTAS,58,2,18,1
MELON,CUENCA_EL_ARENAL,0.88,0.88,0.88,0.88,16/08/2024,0.88,20/08/2024,SE_MANTIENE,0.0,FRUTAS,58,2,11,2
MELON,GUAYAQUIL_TTV,0.48,0.49,0.51,0.49,15/08/2024,0.48,20/08/2024,BAJO,-2.08,FRUTAS,58,2,7,3
MELON,MILAGRO_MERCADO_DE_TRANSFERENCIA,0.67,0.67,0.67,,NAN,0.67,16/08/2024,NAN,,FRUTAS,58,2,14,1
MELON,QUITO_MMQEP,0.8,0.8,0.8,0.8,16/08/2024,0.8,20/08/2024,SE_MANTIENE,0.0,FRUTAS,58,2,5,2
MELON,RIOBAMBA_EPEMMPA,0.66,0.67,0.68,0.68,14/08/2024,0.66,16/08/2024,BAJO,-3.03,FRUTAS,58,2,9,3
MELON,STO._DOMINGO,0.93,0.95,0.96,0.95,15/08/2024,0.96,20/08/2024,SUBIO,1.04,FRUTAS,58,2,15,4
MORA_DE_CASTILLA,AMBATO_EPEMA,0.97,1.03,1.07,1.02,19/08/2024,1.07,21/08/2024,SUBIO,4.67,FRUTAS,59,2,1,4
MORA_DE_CASTILLA,CUENCA_EL_ARENAL,1.54,1.61,1.76,1.54,16/08/2024,1.76,20/08/2024,SUBIO,12.5,FRUTAS,59,2,11,4
MORA_DE_CASTILLA,GUARANDA_24_DE_MAYO,1.95,1.95,1.95,,NAN,1.95,14/08/2024,NAN,,FRUTAS,59,2,24,1
MORA_DE_CASTILLA,GUAYAQUIL_TTV,1.34,1.35,1.36,1.34,15/08/2024,1.36,20/08/2024,SUBIO,1.47,FRUTAS,59,2,7,4
MORA_DE_CASTILLA,MILAGRO_MERCADO_DE_TRANSFERENCIA,1.95,1.95,1.95,,NAN,1.95,16/08/2024,NAN,,FRUTAS,59,2,14,1
MORA_DE_CASTILLA,QUITO_MMQEP,1.25,1.27,1.32,1.25,16/08/2024,1.25,20/08/2024,SE_MANTIENE,0.0,FRUTAS,59,2,5,2
MORA_DE_CASTILLA,RIOBAMBA_EPEMMPA,0.73,0.87,0.91,0.91,16/08/2024,0.91,19/08/2024,SE_MANTIENE,0.0,FRUTAS,59,2,9,2
NARANJA,BABAHOYO_4_DE_MAYO,0.39,0.39,0.39,,NAN,0.39,15/08/2024,NAN,,FRUTAS,60,2,18,1
NARANJA,CUENCA_EL_ARENAL,0.44,0.45,0.48,0.44,16/08/2024,0.48,20/08/2024,SUBIO,8.33,FRUTAS,60,2,11,4
NARANJA,GUARANDA_24_DE_MAYO,0.37,0.37,0.37,,NAN,0.37,14/08/2024,NAN,,FRUTAS,60,2,24,1
NARANJA,GUAYAQUIL_TTV,0.44,0.45,0.46,0.45,15/08/2024,0.46,20/08/2024,SUBIO,2.17,FRUTAS,60,2,7,4
NARANJA,MANTA_EL_MADRUGADOR,0.44,0.44,0.44,0.44,13/08/2024,0.44,16/08/2024,SE_MANTIENE,0.0,FRUTAS,60,2,27,2
NARANJA,MILAGRO_MERCADO_DE_TRANSFERENCIA,0.42,0.42,0.42,,NAN,0.42,16/08/2024,NAN,,FRUTAS,60,2,14,1
NARANJA,PORTOVIEJO,0.35,0.35,0.35,0.35,16/08/2024,0.35,19/08/2024,SE_MANTIENE,0.0,FRUTAS,60,2,28,2
NARANJA,QUITO_MMQEP,0.46,0.48,0.51,0.46,16/08/2024,0.51,20/08/2024,SUBIO,9.8,FRUTAS,60,2,5,4
NARANJA,STO._DOMINGO,0.43,0.44,0.45,0.44,15/08/2024,0.43,20/08/2024,BAJO,-2.33,FRUTAS,60,2,15,3
NARANJILLA_DE_JUGO,AMBATO_EPEMA,0.92,1.06,1.17,1.1,19/08/2024,1.17,21/08/2024,SUBIO,5.98,FRUTAS,61,2,1,4
NARANJILLA_HIBRIDA,AMBATO_EPEMA,0.58,0.77,0.88,0.85,19/08/2024,0.88,21/08/2024,SUBIO,3.41,FRUTAS,62,2,1,4
NARANJILLA_HIBRIDA,CUENCA_EL_ARENAL,1.1,1.15,1.17,1.17,16/08/2024,1.1,20/08/2024,BAJO,-6.36,FRUTAS,62,2,11,3
NARANJILLA_HIBRIDA,GUARANDA_24_DE_MAYO,0.67,0.67,0.67,,NAN,0.67,14/08/2024,NAN,,FRUTAS,62,2,24,1
NARANJILLA_HIBRIDA,GUAYAQUIL_TTV,0.75,0.84,0.9,0.86,15/08/2024,0.9,20/08/2024,SUBIO,4.44,FRUTAS,62,2,7,4
NARANJILLA_HIBRIDA,IBARRA_COMERCIBARRA,0.73,0.74,0.76,0.73,15/08/2024,0.73,19/08/2024,SE_MANTIENE,0.0,FRUTAS,62,2,12,2
NARANJILLA_HIBRIDA,MACHALA_MERCADO_MAYORISTA,1.24,1.24,1.24,,NAN,1.24,15/08/2024,NAN,,FRUTAS,62,2,20,1
NARANJILLA_HIBRIDA,MILAGRO_MERCADO_DE_TRANSFERENCIA,0.88,0.88,0.88,,NAN,0.88,16/08/2024,NAN,,FRUTAS,62,2,14,1
NARANJILLA_HIBRIDA,QUITO_MMQEP,0.76,0.76,0.76,0.76,13/08/2024,0.76,16/08/2024,SE_MANTIENE,0.0,FRUTAS,62,2,5,2
NARANJILLA_HIBRIDA,RIOBAMBA_EPEMMPA,0.83,0.86,0.88,0.88,19/08/2024,0.85,21/08/2024,BAJO,-3.53,FRUTAS,62,2,9,3
NARANJILLA_HIBRIDA,STO._DOMINGO,0.79,0.79,0.8,0.79,15/08/2024,0.79,20/08/2024,SE_MANTIENE,0.0,FRUTAS,62,2,15,2
PAPA_BOLONA,MACHALA_MERCADO_MAYORISTA,0.79,0.79,0.79,,NAN,0.79,15/08/2024,NAN,,TUBERCULOS,63,5,20,1
PAPA_CAPIRO,IBARRA_COMERCIBARRA,0.57,0.6,0.61,0.61,15/08/2024,0.57,19/08/2024,BAJO,-7.02,TUBERCULOS,64,5,12,3
PAPA_CAPIRO,QUITO_MMQEP,0.59,0.61,0.63,0.59,16/08/2024,0.6,20/08/2024,SUBIO,1.67,TUBERCULOS,64,5,5,4
PAPA_CAPIRO,SAN_GABRIEL_CARCHI,0.58,0.58,0.58,,NAN,0.58,16/08/2024,NAN,,TUBERCULOS,64,5,29,1
PAPA_FRIPAPA,GUARANDA_24_DE_MAYO,0.54,0.54,0.54,,NAN,0.54,14/08/2024,NAN,,TUBERCULOS,65,5,24,1
PAPA_FRIPAPA,LATACUNGA,0.57,0.61,0.68,0.59,16/08/2024,0.57,20/08/2024,BAJO,-3.51,TUBERCULOS,65,5,13,3
PAPA_FRIPAPA,RIOBAMBA_EPEMMPA,0.64,0.67,0.7,0.64,16/08/2024,0.7,19/08/2024,SUBIO,8.57,TUBERCULOS,65,5,9,4
PAPA_GABRIELA,AMBATO_EPEMA,0.6,0.63,0.66,0.6,19/08/2024,0.63,21/08/2024,SUBIO,4.76,TUBERCULOS,66,5,1,4
PAPA_GABRIELA,MILAGRO_MERCADO_DE_TRANSFERENCIA,0.65,0.65,0.65,,NAN,0.65,16/08/2024,NAN,,TUBERCULOS,66,5,14,1
PAPA_GABRIELA,RIOBAMBA_EPEMMPA,0.44,0.48,0.52,0.44,16/08/2024,0.52,19/08/2024,SUBIO,15.38,TUBERCULOS,66,5,9,4
PAPA_LEONA_BLANCA_O_CECILIA,LATACUNGA,0.57,0.59,0.63,0.57,16/08/2024,0.63,20/08/2024,SUBIO,9.52,TUBERCULOS,67,5,13,4
PAPA_LEONA_BLANCA_O_CECILIA,SALCEDO_PLAZA_AMERICA,0.6,0.6,0.6,,NAN,0.6,15/08/2024,NAN,,TUBERCULOS,67,5,26,1
PAPA_PUZDA,AMBATO_EPEMA,0.48,0.54,0.59,0.48,19/08/2024,0.56,21/08/2024,SUBIO,14.29,TUBERCULOS,68,5,1,4
PAPA_ROSITA,AMBATO_EPEMA,0.43,0.52,0.57,0.43,19/08/2024,0.52,21/08/2024,SUBIO,17.31,TUBERCULOS,69,5,1,4
PAPA_ROSITA,RIOBAMBA_EPEMMPA,0.39,0.43,0.48,0.39,19/08/2024,0.48,21/08/2024,SUBIO,18.75,TUBERCULOS,69,5,9,4
PAPA_SEMI_UVILLA,RIOBAMBA_EPEMMPA,0.44,0.45,0.48,0.44,16/08/2024,0.44,19/08/2024,SE_MANTIENE,0.0,TUBERCULOS,70,5,9,2
PAPA_SUPER_CHOLA,AMBATO_EPEMA,0.7,0.76,0.82,0.77,19/08/2024,0.72,21/08/2024,BAJO,-6.94,TUBERCULOS,71,5,1,3
PAPA_SUPER_CHOLA,AZOGUES_5_DE_AGOSTO,0.91,0.91,0.91,,NAN,0.91,16/08/2024,NAN,,TUBERCULOS,71,5,17,1
PAPA_SUPER_CHOLA,BABAHOYO_4_DE_MAYO,0.7,0.7,0.7,,NAN,0.7,15/08/2024,NAN,,TUBERCULOS,71,5,18,1
PAPA_SUPER_CHOLA,CUENCA_EL_ARENAL,0.66,0.83,0.94,0.8,16/08/2024,0.86,20/08/2024,SUBIO,6.98,TUBERCULOS,71,5,11,4
PAPA_SUPER_CHOLA,GUARANDA_24_DE_MAYO,0.73,0.73,0.73,,NAN,0.73,14/08/2024,NAN,,TUBERCULOS,71,5,24,1
PAPA_SUPER_CHOLA,GUAYAQUIL_TTV,0.71,0.73,0.75,0.72,15/08/2024,0.71,20/08/2024,BAJO,-1.41,TUBERCULOS,71,5,7,3
PAPA_SUPER_CHOLA,IBARRA_COMERCIBARRA,0.66,0.69,0.7,0.7,15/08/2024,0.66,19/08/2024,BAJO,-6.06,TUBERCULOS,71,5,12,3
PAPA_SUPER_CHOLA,LATACUNGA,0.65,0.69,0.74,0.67,16/08/2024,0.65,20/08/2024,BAJO,-3.08,TUBERCULOS,71,5,13,3
PAPA_SUPER_CHOLA,MACHACHI_FERIA_DE_PROD._AGRICOLAS,0.72,0.72,0.72,,NAN,0.72,15/08/2024,NAN,,TUBERCULOS,71,5,25,1
PAPA_SUPER_CHOLA,MANTA_EL_MADRUGADOR,0.77,0.81,0.83,0.83,16/08/2024,0.83,20/08/2024,SE_MANTIENE,0.0,TUBERCULOS,71,5,27,2
PAPA_SUPER_CHOLA,MILAGRO_MERCADO_DE_TRANSFERENCIA,0.71,0.71,0.71,,NAN,0.71,16/08/2024,NAN,,TUBERCULOS,71,5,14,1
PAPA_SUPER_CHOLA,QUITO_MMQEP,0.64,0.67,0.7,0.64,16/08/2024,0.67,20/08/2024,SUBIO,4.48,TUBERCULOS,71,5,5,4
PAPA_SUPER_CHOLA,RIOBAMBA_EPEMMPA,0.6,0.66,0.72,0.6,16/08/2024,0.66,19/08/2024,SUBIO,9.09,TUBERCULOS,71,5,9,4
PAPA_SUPER_CHOLA,SALCEDO_PLAZA_AMERICA,0.72,0.72,0.72,,NAN,0.72,15/08/2024,NAN,,TUBERCULOS,71,5,26,1
PAPA_SUPER_CHOLA,SAN_GABRIEL_CARCHI,0.64,0.64,0.64,,NAN,0.64,16/08/2024,NAN,,TUBERCULOS,71,5,29,1
PAPA_SUPREMA,SALCEDO_PLAZA_AMERICA,0.6,0.6,0.6,,NAN,0.6,15/08/2024,NAN,,TUBERCULOS,72,5,26,1
PAPA_UNICA,AMBATO_EPEMA,0.58,0.62,0.66,0.6,19/08/2024,0.58,21/08/2024,BAJO,-3.45,TUBERCULOS,73,5,1,3
PAPA_UNICA,CUENCA_EL_ARENAL,0.44,0.45,0.48,0.44,16/08/2024,0.44,20/08/2024,SE_MANTIENE,0.0,TUBERCULOS,73,5,11,2
PAPA_UNICA,IBARRA_COMERCIBARRA,0.48,0.53,0.59,0.52,15/08/2024,0.48,19/08/2024,BAJO,-8.33,TUBERCULOS,73,5,12,3
PAPA_UNICA,MACHALA_MERCADO_MAYORISTA,0.6,0.6,0.6,,NAN,0.6,15/08/2024,NAN,,TUBERCULOS,73,5,20,1
PAPA_UNICA,MILAGRO_MERCADO_DE_TRANSFERENCIA,0.61,0.61,0.61,,NAN,0.61,16/08/2024,NAN,,TUBERCULOS,73,5,14,1
PAPA_UNICA,QUITO_MMQEP,0.46,0.5,0.57,0.46,16/08/2024,0.47,20/08/2024,SUBIO,2.13,TUBERCULOS,73,5,5,4
PAPA_UNICA,RIOBAMBA_EPEMMPA,0.44,0.5,0.55,0.46,16/08/2024,0.44,19/08/2024,BAJO,-4.55,TUBERCULOS,73,5,9,3
PAPA_UNICA,SAN_GABRIEL_CARCHI,0.53,0.53,0.53,,NAN,0.53,16/08/2024,NAN,,TUBERCULOS,73,5,29,1
PAPA_UVILLA_O_BOLONA,RIOBAMBA_EPEMMPA,0.48,0.53,0.55,0.55,16/08/2024,0.52,19/08/2024,BAJO,-5.77,TUBERCULOS,74,5,9,3
PAPAYA_NACIONAL,BABAHOYO_4_DE_MAYO,0.49,0.56,0.62,,NAN,0.56,15/08/2024,NAN,,FRUTAS,75,2,18,1
PAPAYA_NACIONAL,GUAYAQUIL_TTV,0.47,0.49,0.5,0.49,15/08/2024,0.47,20/08/2024,BAJO,-4.26,FRUTAS,75,2,7,3
PAPAYA_NACIONAL,MILAGRO_MERCADO_DE_TRANSFERENCIA,0.55,0.55,0.55,,NAN,0.55,16/08/2024,NAN,,FRUTAS,75,2,14,1
PEPINILLO_PEPINO,BABAHOYO_4_DE_MAYO,0.45,0.45,0.45,,NAN,0.45,15/08/2024,NAN,,VERDURAS,76,3,18,1
PEPINILLO_PEPINO,GUAYAQUIL_TTV,0.7,0.7,0.71,0.71,15/08/2024,0.7,20/08/2024,BAJO,-1.43,VERDURAS,76,3,7,3
PEPINILLO_PEPINO,IBARRA_COMERCIBARRA,0.24,0.25,0.26,0.26,15/08/2024,0.26,19/08/2024,SE_MANTIENE,0.0,VERDURAS,76,3,12,2
PEPINILLO_PEPINO,MACHALA_MERCADO_MAYORISTA,0.84,0.84,0.84,,NAN,0.84,15/08/2024,NAN,,VERDURAS,76,3,20,1
PEPINILLO_PEPINO,MANTA_EL_MADRUGADOR,0.52,0.52,0.52,0.52,16/08/2024,0.52,20/08/2024,SE_MANTIENE,0.0,VERDURAS,76,3,27,2
PEPINILLO_PEPINO,MILAGRO_MERCADO_DE_TRANSFERENCIA,0.51,0.51,0.51,,NAN,0.51,16/08/2024,NAN,,VERDURAS,76,3,14,1
PEPINILLO_PEPINO,PORTOVIEJO,0.44,0.47,0.5,0.48,16/08/2024,0.44,19/08/2024,BAJO,-9.09,VERDURAS,76,3,28,3
PEPINILLO_PEPINO,QUITO_MMQEP,0.4,0.42,0.45,0.42,16/08/2024,0.4,20/08/2024,BAJO,-5.0,VERDURAS,76,3,5,3
PEPINILLO_PEPINO,RIOBAMBA_EPEMMPA,0.4,0.41,0.41,0.41,16/08/2024,0.4,19/08/2024,BAJO,-2.5,VERDURAS,76,3,9,3
PEPINILLO_PEPINO,STO._DOMINGO,0.42,0.43,0.44,0.42,15/08/2024,0.44,20/08/2024,SUBIO,4.55,VERDURAS,76,3,15,4
PIMIENTO,BABAHOYO_4_DE_MAYO,0.68,0.68,0.68,,NAN,0.68,15/08/2024,NAN,,VERDURAS,77,3,18,1
PIMIENTO,CUENCA_EL_ARENAL,0.48,0.53,0.63,0.48,16/08/2024,0.63,20/08/2024,SUBIO,23.81,VERDURAS,77,3,11,4
PIMIENTO,GUARANDA_24_DE_MAYO,0.55,0.55,0.55,,NAN,0.55,14/08/2024,NAN,,VERDURAS,77,3,24,1
PIMIENTO,GUAYAQUIL_TTV,0.49,0.55,0.65,0.49,15/08/2024,0.65,20/08/2024,SUBIO,24.62,VERDURAS,77,3,7,4
PIMIENTO,IBARRA_COMERCIBARRA,0.36,0.39,0.42,0.36,12/08/2024,0.42,15/08/2024,SUBIO,14.29,VERDURAS,77,3,12,4
PIMIENTO,MACHALA_MERCADO_MAYORISTA,0.58,0.58,0.58,,NAN,0.58,15/08/2024,NAN,,VERDURAS,77,3,20,1
PIMIENTO,MANTA_EL_MADRUGADOR,0.61,0.61,0.61,0.61,13/08/2024,0.61,16/08/2024,SE_MANTIENE,0.0,VERDURAS,77,3,27,2
PIMIENTO,MILAGRO_MERCADO_DE_TRANSFERENCIA,0.33,0.41,0.48,,NAN,0.41,16/08/2024,NAN,,VERDURAS,77,3,14,1
PIMIENTO,PORTOVIEJO,0.39,0.44,0.46,0.39,16/08/2024,0.46,19/08/2024,SUBIO,15.22,VERDURAS,77,3,28,4
PIMIENTO,QUITO_MMQEP,0.59,0.6,0.61,0.61,16/08/2024,0.59,20/08/2024,BAJO,-3.39,VERDURAS,77,3,5,3
PIMIENTO,RIOBAMBA_EPEMMPA,0.38,0.43,0.52,0.52,19/08/2024,0.48,21/08/2024,BAJO,-8.33,VERDURAS,77,3,9,3
PIMIENTO,STO._DOMINGO,0.88,0.88,0.88,0.88,15/08/2024,0.88,20/08/2024,SE_MANTIENE,0.0,VERDURAS,77,3,15,2
PINA,BABAHOYO_4_DE_MAYO,1.02,1.02,1.02,,NAN,1.02,15/08/2024,NAN,,FRUTAS,78,2,18,1
PINA,CUENCA_EL_ARENAL,0.6,0.6,0.6,0.6,16/08/2024,0.6,20/08/2024,SE_MANTIENE,0.0,FRUTAS,78,2,11,2
PINA,GUAYAQUIL_TTV,0.41,0.41,0.41,0.41,15/08/2024,0.41,20/08/2024,SE_MANTIENE,0.0,FRUTAS,78,2,7,2
PINA,MANTA_EL_MADRUGADOR,0.66,0.66,0.66,0.66,13/08/2024,0.66,16/08/2024,SE_MANTIENE,0.0,FRUTAS,78,2,27,2
PINA,MILAGRO_MERCADO_DE_TRANSFERENCIA,0.62,0.62,0.62,,NAN,0.62,16/08/2024,NAN,,FRUTAS,78,2,14,1
PINA,PORTOVIEJO,0.52,0.52,0.52,0.52,16/08/2024,0.52,19/08/2024,SE_MANTIENE,0.0,FRUTAS,78,2,28,2
PINA,QUITO_MMQEP,0.53,0.53,0.53,0.53,16/08/2024,0.53,20/08/2024,SE_MANTIENE,0.0,FRUTAS,78,2,5,2
PLATANO_BARRAGANETE_MADURO,BABAHOYO_4_DE_MAYO,0.29,0.29,0.29,,NAN,0.29,15/08/2024,NAN,,OTROS,79,6,18,1
PLATANO_BARRAGANETE_MADURO,CUENCA_EL_ARENAL,0.73,0.74,0.75,0.73,16/08/2024,0.75,20/08/2024,SUBIO,2.67,OTROS,79,6,11,4
PLATANO_BARRAGANETE_MADURO,GUAYAQUIL_TTV,0.35,0.36,0.38,0.35,15/08/2024,0.38,20/08/2024,SUBIO,7.89,OTROS,79,6,7,4
PLATANO_BARRAGANETE_MADURO,MILAGRO_MERCADO_DE_TRANSFERENCIA,0.2,0.2,0.2,,NAN,0.2,16/08/2024,NAN,,OTROS,79,6,14,1
PLATANO_BARRAGANETE_MADURO,QUITO_MMQEP,0.44,0.44,0.45,0.45,16/08/2024,0.44,20/08/2024,BAJO,-2.27,OTROS,79,6,5,3
PLATANO_BARRAGANETE_VERDE,BABAHOYO_4_DE_MAYO,0.29,0.29,0.29,,NAN,0.29,15/08/2024,NAN,,OTROS,80,6,18,1
PLATANO_BARRAGANETE_VERDE,CUENCA_EL_ARENAL,0.73,0.74,0.75,0.73,16/08/2024,0.75,20/08/2024,SUBIO,2.67,OTROS,80,6,11,4
PLATANO_BARRAGANETE_VERDE,GUAYAQUIL_TTV,0.35,0.36,0.38,0.35,15/08/2024,0.38,20/08/2024,SUBIO,7.89,OTROS,80,6,7,4
PLATANO_BARRAGANETE_VERDE,MILAGRO_MERCADO_DE_TRANSFERENCIA,0.2,0.2,0.2,,NAN,0.2,16/08/2024,NAN,,OTROS,80,6,14,1
PLATANO_BARRAGANETE_VERDE,QUITO_MMQEP,0.44,0.44,0.45,0.45,16/08/2024,0.44,20/08/2024,BAJO,-2.27,OTROS,80,6,5,3
PLATANO_BARRAGANETE_VERDE,STO._DOMINGO,0.19,0.19,0.19,0.19,15/08/2024,0.19,20/08/2024,SE_MANTIENE,0.0,OTROS,80,6,15,2
PLATANO_DOMINICO_MADURO,BABAHOYO_4_DE_MAYO,0.17,0.17,0.17,,NAN,0.17,15/08/2024,NAN,,OTROS,81,6,18,1
PLATANO_DOMINICO_MADURO,CUENCA_EL_ARENAL,0.44,0.44,0.44,,NAN,0.44,16/08/2024,NAN,,OTROS,81,6,11,1
PLATANO_DOMINICO_MADURO,GUAYAQUIL_TTV,0.29,0.3,0.31,0.29,15/08/2024,0.31,20/08/2024,SUBIO,6.45,OTROS,81,6,7,4
PLATANO_DOMINICO_MADURO,MILAGRO_MERCADO_DE_TRANSFERENCIA,0.17,0.17,0.17,,NAN,0.17,16/08/2024,NAN,,OTROS,81,6,14,1
PLATANO_DOMINICO_MADURO,QUITO_MMQEP,0.29,0.3,0.31,0.29,16/08/2024,0.31,20/08/2024,SUBIO,6.45,OTROS,81,6,5,4
PLATANO_DOMINICO_VERDE,BABAHOYO_4_DE_MAYO,0.17,0.17,0.17,,NAN,0.17,15/08/2024,NAN,,OTROS,82,6,18,1
PLATANO_DOMINICO_VERDE,CUENCA_EL_ARENAL,0.44,0.44,0.44,,NAN,0.44,16/08/2024,NAN,,OTROS,82,6,11,1
PLATANO_DOMINICO_VERDE,GUAYAQUIL_TTV,0.29,0.3,0.31,0.29,15/08/2024,0.31,20/08/2024,SUBIO,6.45,OTROS,82,6,7,4
PLATANO_DOMINICO_VERDE,MILAGRO_MERCADO_DE_TRANSFERENCIA,0.17,0.17,0.17,,NAN,0.17,16/08/2024,NAN,,OTROS,82,6,14,1
PLATANO_DOMINICO_VERDE,QUITO_MMQEP,0.29,0.3,0.31,0.29,16/08/2024,0.31,20/08/2024,SUBIO,6.45,OTROS,82,6,5,4
PLATANO_DOMINICO_VERDE,STO._DOMINGO,0.13,0.14,0.15,0.13,15/08/2024,0.15,20/08/2024,SUBIO,13.33,OTROS,82,6,15,4
PORCINO_A_LA_CANAL,CAMAL_MUNICIPAL_DE_CUENCA,3.3,3.3,3.3,,NAN,3.3,14/08/2024,NAN,,OTROS,83,6,21,1
PORCINO_A_LA_CANAL,CAMAL_MUNICIPAL_DE_GUAYAQUIL,4.09,4.09,4.09,4.09,11/08/2024,4.09,16/08/2024,SE_MANTIENE,0.0,OTROS,83,6,22,2
QUINUA,AMBATO_EPEMA,2.64,2.64,2.64,,NAN,2.64,14/08/2024,NAN,,GRANOS,84,4,1,1
QUINUA,CUENCA_3_DE_NOVIEMBRE,2.34,2.42,2.49,2.34,13/08/2024,2.49,20/08/2024,SUBIO,6.02,GRANOS,84,4,2,4
QUINUA,QUITO_MMQEP,2.62,2.62,2.62,2.62,16/08/2024,2.62,20/08/2024,SE_MANTIENE,0.0,GRANOS,84,4,5,2
QUINUA,RIOBAMBA_EPEMMPA,2.6,2.6,2.6,,NAN,2.6,15/08/2024,NAN,,GRANOS,84,4,9,1
REMOLACHA,AMBATO_EPEMA,0.37,0.4,0.43,0.37,19/08/2024,0.37,21/08/2024,SE_MANTIENE,0.0,OTROS,85,6,1,2
REMOLACHA,CUENCA_EL_ARENAL,0.37,0.45,0.62,0.37,16/08/2024,0.62,20/08/2024,SUBIO,40.32,OTROS,85,6,11,4
REMOLACHA,GUAYAQUIL_TTV,0.54,0.58,0.65,0.54,15/08/2024,0.65,20/08/2024,SUBIO,16.92,OTROS,85,6,7,4
REMOLACHA,LATACUNGA,0.38,0.39,0.42,0.38,16/08/2024,0.42,20/08/2024,SUBIO,9.52,OTROS,85,6,13,4
REMOLACHA,MILAGRO_MERCADO_DE_TRANSFERENCIA,0.53,0.53,0.53,,NAN,0.53,16/08/2024,NAN,,OTROS,85,6,14,1
REMOLACHA,QUITO_MMQEP,0.31,0.36,0.4,0.31,16/08/2024,0.38,20/08/2024,SUBIO,18.42,OTROS,85,6,5,4
REMOLACHA,RIOBAMBA_EPEMMPA,0.43,0.51,0.61,0.46,16/08/2024,0.61,19/08/2024,SUBIO,24.59,OTROS,85,6,9,4
SANDIA_NACIONAL,CUENCA_EL_ARENAL,0.36,0.49,0.55,0.55,16/08/2024,0.36,20/08/2024,BAJO,-52.78,FRUTAS,86,2,11,3
SANDIA_NACIONAL,GUAYAQUIL_TTV,0.32,0.32,0.32,0.32,15/08/2024,0.32,20/08/2024,SE_MANTIENE,0.0,FRUTAS,86,2,7,2
SANDIA_NACIONAL,MILAGRO_MERCADO_DE_TRANSFERENCIA,0.26,0.26,0.26,,NAN,0.26,16/08/2024,NAN,,FRUTAS,86,2,14,1
SANDIA_NACIONAL,PORTOVIEJO,0.25,0.26,0.27,0.27,16/08/2024,0.27,19/08/2024,SE_MANTIENE,0.0,FRUTAS,86,2,28,2
SANDIA_NACIONAL,QUITO_MMQEP,0.2,0.21,0.23,0.2,16/08/2024,0.23,20/08/2024,SUBIO,13.04,FRUTAS,86,2,5,4
SANDIA_NACIONAL,STO._DOMINGO,0.3,0.31,0.32,0.3,15/08/2024,0.32,20/08/2024,SUBIO,6.25,FRUTAS,86,2,15,4
SANDIA_PERUANA,GUAYAQUIL_TTV,0.35,0.35,0.35,0.35,15/08/2024,0.35,20/08/2024,SE_MANTIENE,0.0,FRUTAS,87,2,7,2
TOMATE_DE_ARBOL,AMBATO_EPEMA,1.05,1.21,1.38,1.15,19/08/2024,1.18,21/08/2024,SUBIO,2.54,FRUTAS,88,2,1,4
TOMATE_DE_ARBOL,CUENCA_EL_ARENAL,1.4,1.4,1.4,1.4,16/08/2024,1.4,20/08/2024,SE_MANTIENE,0.0,FRUTAS,88,2,11,2
TOMATE_DE_ARBOL,GUARANDA_24_DE_MAYO,1.5,1.5,1.5,,NAN,1.5,14/08/2024,NAN,,FRUTAS,88,2,24,1
TOMATE_DE_ARBOL,GUAYAQUIL_TTV,1.03,1.08,1.13,1.08,15/08/2024,1.13,20/08/2024,SUBIO,4.42,FRUTAS,88,2,7,4
TOMATE_DE_ARBOL,IBARRA_COMERCIBARRA,1.11,1.13,1.16,1.11,15/08/2024,1.13,19/08/2024,SUBIO,1.77,FRUTAS,88,2,12,4
TOMATE_DE_ARBOL,LATACUNGA,0.84,0.87,0.89,0.89,16/08/2024,0.84,20/08/2024,BAJO,-5.95,FRUTAS,88,2,13,3
TOMATE_DE_ARBOL,QUITO_MMQEP,1.16,1.19,1.2,1.16,16/08/2024,1.2,20/08/2024,SUBIO,3.33,FRUTAS,88,2,5,4
TOMATE_DE_ARBOL,RIOBAMBA_EPEMMPA,1.13,1.17,1.24,1.24,16/08/2024,1.13,19/08/2024,BAJO,-9.73,FRUTAS,88,2,9,3
TOMATE_RINON_A_CAMPO_ABIERTO,GUAYAQUIL_TTV,0.45,0.47,0.49,0.48,15/08/2024,0.45,20/08/2024,BAJO,-6.67,VERDURAS,89,3,7,3
TOMATE_RINON_A_CAMPO_ABIERTO,PORTOVIEJO,0.58,0.62,0.66,0.66,16/08/2024,0.62,19/08/2024,BAJO,-6.45,VERDURAS,89,3,28,3
TOMATE_RINON_DE_INVERNADERO,AMBATO_EPEMA,0.59,0.65,0.73,0.59,19/08/2024,0.65,21/08/2024,SUBIO,9.23,VERDURAS,90,3,1,4
TOMATE_RINON_DE_INVERNADERO,BABAHOYO_4_DE_MAYO,0.91,0.91,0.91,,NAN,0.91,15/08/2024,NAN,,VERDURAS,90,3,18,1
TOMATE_RINON_DE_INVERNADERO,CUENCA_EL_ARENAL,0.82,1.04,1.21,1.21,16/08/2024,0.82,20/08/2024,BAJO,-47.56,VERDURAS,90,3,11,3
TOMATE_RINON_DE_INVERNADERO,GUAYAQUIL_TTV,0.6,0.62,0.65,0.6,15/08/2024,0.65,20/08/2024,SUBIO,7.69,VERDURAS,90,3,7,4
TOMATE_RINON_DE_INVERNADERO,IBARRA_COMERCIBARRA,0.71,0.79,0.88,0.71,15/08/2024,0.77,19/08/2024,SUBIO,7.79,VERDURAS,90,3,12,4
TOMATE_RINON_DE_INVERNADERO,LATACUNGA,0.56,0.57,0.58,0.56,16/08/2024,0.58,20/08/2024,SUBIO,3.45,VERDURAS,90,3,13,4
TOMATE_RINON_DE_INVERNADERO,MILAGRO_MERCADO_DE_TRANSFERENCIA,0.67,0.67,0.67,,NAN,0.67,16/08/2024,NAN,,VERDURAS,90,3,14,1
TOMATE_RINON_DE_INVERNADERO,QUITO_MMQEP,0.64,0.69,0.77,0.64,16/08/2024,0.67,20/08/2024,SUBIO,4.48,VERDURAS,90,3,5,4
TOMATE_RINON_DE_INVERNADERO,RIOBAMBA_EPEMMPA,0.49,0.59,0.66,0.58,19/08/2024,0.49,21/08/2024,BAJO,-18.37,VERDURAS,90,3,9,3
TOMATE_RINON_DE_INVERNADERO,SALCEDO_PLAZA_AMERICA,0.49,0.49,0.49,,NAN,0.49,15/08/2024,NAN,,VERDURAS,90,3,26,1
TORO_EN_PIE_DESCARTE,AMBATO,1.36,1.36,1.36,,NAN,1.36,12/08/2024,NAN,,OTROS,91,6,30,1
UVA_NEGRA,GUARANDA_24_DE_MAYO,2.75,2.75,2.75,,NAN,2.75,14/08/2024,NAN,,FRUTAS,92,2,24,1
UVA_NEGRA,QUITO_MMQEP,1.5,1.5,1.5,1.5,16/08/2024,1.5,20/08/2024,SE_MANTIENE,0.0,FRUTAS,92,2,5,2
UVA_ROSADA_PERU,AMBATO_EPEMA,1.43,1.61,1.69,1.63,19/08/2024,1.69,21/08/2024,SUBIO,3.55,FRUTAS,93,2,1,4
UVA_ROSADA_PERU,GUARANDA_24_DE_MAYO,2.2,2.2,2.2,,NAN,2.2,14/08/2024,NAN,,FRUTAS,93,2,24,1
UVA_ROSADA_PERU,QUITO_MMQEP,1.53,1.55,1.56,1.56,16/08/2024,1.53,20/08/2024,BAJO,-1.96,FRUTAS,93,2,5,3
UVA_ROSADACHILE,AMBATO_EPEMA,2.56,2.64,2.68,2.68,16/08/2024,2.68,19/08/2024,SE_MANTIENE,0.0,FRUTAS,94,2,1,2
UVA_ROSADACHILE,QUITO_MMQEP,2.2,2.24,2.26,2.26,16/08/2024,2.2,20/08/2024,BAJO,-2.73,FRUTAS,94,2,5,3
YUCA,CUENCA_EL_ARENAL,0.58,0.61,0.66,0.58,16/08/2024,0.66,20/08/2024,SUBIO,12.12,TUBERCULOS,95,5,11,4
YUCA,GUAYAQUIL_TTV,0.57,0.57,0.57,0.57,15/08/2024,0.57,20/08/2024,SE_MANTIENE,0.0,TUBERCULOS,95,5,7,2
YUCA,PORTOVIEJO,0.2,0.2,0.2,0.2,16/08/2024,0.2,19/08/2024,SE_MANTIENE,0.0,TUBERCULOS,95,5,28,2
YUCA,QUITO_MMQEP,0.7,0.71,0.73,0.7,16/08/2024,0.73,20/08/2024,SUBIO,4.11,TUBERCULOS,95,5,5,4
YUCA,STO._DOMINGO,0.37,0.39,0.4,0.4,15/08/2024,0.39,20/08/2024,BAJO,-2.56,TUBERCULOS,95,5,15,3
ZANAHORIA_AMARILLA,AMBATO_EPEMA,0.11,0.15,0.18,0.18,19/08/2024,0.14,21/08/2024,BAJO,-28.57,VERDURAS,96,3,1,3
ZANAHORIA_AMARILLA,BOLIVARCARCHI,0.14,0.14,0.14,0.14,14/08/2024,0.14,21/08/2024,SE_MANTIENE,0.0,VERDURAS,96,3,19,2
ZANAHORIA_AMARILLA,CUENCA_EL_ARENAL,0.18,0.2,0.25,0.18,16/08/2024,0.25,20/08/2024,SUBIO,28.0,VERDURAS,96,3,11,4
ZANAHORIA_AMARILLA,GUAYAQUIL_TTV,0.13,0.17,0.25,0.15,15/08/2024,0.15,20/08/2024,SE_MANTIENE,0.0,VERDURAS,96,3,7,2
ZANAHORIA_AMARILLA,IBARRA_COMERCIBARRA,0.26,0.26,0.26,0.26,15/08/2024,0.26,19/08/2024,SE_MANTIENE,0.0,VERDURAS,96,3,12,2
ZANAHORIA_AMARILLA,LATACUNGA,0.08,0.14,0.17,0.17,16/08/2024,0.08,20/08/2024,BAJO,-112.5,VERDURAS,96,3,13,3
ZANAHORIA_AMARILLA,MACHACHI_FERIA_DE_PROD._AGRICOLAS,0.13,0.13,0.13,,NAN,0.13,15/08/2024,NAN,,VERDURAS,96,3,25,1
ZANAHORIA_AMARILLA,MANTA_EL_MADRUGADOR,0.19,0.21,0.22,0.22,16/08/2024,0.22,20/08/2024,SE_MANTIENE,0.0,VERDURAS,96,3,27,2
ZANAHORIA_AMARILLA,QUITO_MMQEP,0.16,0.17,0.17,0.17,16/08/2024,0.16,20/08/2024,BAJO,-6.25,VERDURAS,96,3,5,3
ZANAHORIA_AMARILLA,RIOBAMBA_EPEMMPA,0.13,0.16,0.22,0.22,19/08/2024,0.17,21/08/2024,BAJO,-29.41,VERDURAS,96,3,9,3
ZANAHORIA_AMARILLA,SALCEDO_PLAZA_AMERICA,0.16,0.16,0.16,,NAN,0.16,15/08/2024,NAN,,VERDURAS,96,3,26,1
